date      ,open    ,high    ,close   ,low     ,volume     ,price_change,p_change,ma5      ,ma10     ,ma20     ,v_ma5       ,v_ma10      ,v_ma20
2018-03-12,11266.32,11328.77,11326.27,11260.46,261773248.0,131.36      ,1.17    ,11326.27 ,11326.27 ,11326.27 ,261773248.0 ,261773248.0 ,261773248.0
2018-03-13,11311.04,11335.3 ,11241.41,11236.38,227848416.0,-84.86      ,-0.75   ,11283.84 ,11283.84 ,11283.84 ,244810832.0 ,244810832.0 ,244810832.0
2018-03-14,11198.77,11242.3 ,11139.63,11138.39,196067744.0,-101.78     ,-0.91   ,11235.77 ,11235.77 ,11235.77 ,228563136.0 ,228563136.0 ,228563136.0
2018-03-15,11100.53,11195.94,11163.65,11051.62,187573552.0,24.02       ,0.22    ,11217.74 ,11217.74 ,11217.74 ,218315740.0 ,218315740.0 ,218315740.0
2018-03-16,11166.43,11192.36,11051.12,11051.12,169598352.0,-112.53     ,-1.01   ,11184.416,11184.416,11184.416,208572262.4 ,208572262.4 ,208572262.4
2018-03-19,11046.03,11120.75,11068.49,10994.68,165819440.0,17.37       ,0.16    ,11132.86 ,11165.095,11165.095,189381500.8 ,201446792.0 ,201446792.0
2018-03-20,10982.73,11082.03,11077.8 ,10951.99,177360080.0,9.31        ,0.08    ,11100.138,11152.624,11152.624,179283833.6 ,198005833.14,198005833.14
2018-03-21,11100.91,11170.56,10980.55,10973.58,202472464.0,-97.25      ,-0.88   ,11068.322,11131.115,11131.115,180564777.6 ,198564162.0 ,198564162.0
2018-03-22,10988.83,11035.58,10877.25,10858.44,175778160.0,-103.3      ,-0.94   ,11011.042,11102.908,11102.908,178205699.2 ,196032384.0 ,196032384.0
2018-03-23,10511.16,10664.93,10439.99,10256.5 ,282412832.0,-437.26     ,-4.02   ,10888.816,11036.616,11036.616,200768595.2 ,204670428.8 ,204670428.8
2018-03-26,10303.75,10564.38,10564.38,10217.22,195798896.0,124.39      ,1.19    ,10787.994,10960.427,10993.685,206764486.4 ,198072993.6 ,203863925.82
2018-03-27,10683.16,10799.37,10775.71,10675.5 ,222882752.0,211.33      ,2.0     ,10727.576,10913.857,10975.521,215869020.8 ,197576427.2 ,205448828.0
2018-03-28,10633.7 ,10768.48,10630.69,10613.06,204801312.0,-145.02     ,-1.35   ,10657.604,10862.963,10948.995,216334790.4 ,198449784.0 ,205399019.08
2018-03-29,10676.56,10778.8 ,10755.92,10564.29,192574656.0,125.23      ,1.18    ,10633.338,10822.19 ,10935.204,219694089.6 ,198949894.4 ,204482993.14
2018-03-30,10776.71,10883.05,10868.65,10766.53,209103152.0,112.73      ,1.05    ,10719.07 ,10803.943,10930.767,205032153.6 ,202900374.4 ,204791003.73
2018-04-02,10887.47,10950.22,10852.95,10835.71,238742944.0,-15.7       ,-0.14   ,10776.784,10782.389,10925.904,213620963.2 ,210192724.8 ,206913000.0
2018-04-03,10718.43,10783.93,10754.29,10667.33,208204048.0,-98.66      ,-0.91   ,10772.5  ,10750.038,10915.809,210685222.4 ,213277121.6 ,206988944.0
2018-04-04,10778.86,10829.82,10684.56,10678.94,193163728.0,-69.73      ,-0.65   ,10783.274,10720.439,10902.962,208357705.6 ,212346248.0 ,206220876.44
2018-04-09,10655.07,10725.11,10653.38,10571.16,185794688.0,-31.18      ,-0.29   ,10762.766,10698.052,10889.826,207001712.0 ,213347900.8 ,205145813.89
2018-04-10,10671.69,10765.62,10765.62,10628.24,199741600.0,112.24      ,1.05    ,10742.16 ,10730.615,10883.616,205129401.6 ,205080777.6 ,204875603.2
2018-04-11,10796.5 ,10856.44,10808.37,10786.84,191004368.0,42.75       ,0.4     ,10733.244,10755.014,10857.721,195581686.4 ,204601324.8 ,201337159.2
2018-04-12,10797.35,10825.66,10726.95,10720.83,171686896.0,-81.42      ,-0.75   ,10727.776,10750.138,10831.998,188278256.0 ,199481739.2 ,198529083.2
2018-04-13,10789.77,10825.67,10687.02,10670.65,161837312.0,-39.93      ,-0.37   ,10728.268,10755.771,10809.367,182012972.8 ,195185339.2 ,196817561.6
2018-04-16,10660.69,10704.39,10621.79,10540.69,188159472.0,-65.23      ,-0.61   ,10721.95 ,10742.358,10782.274,182485929.6 ,194743820.8 ,196846857.6
2018-04-17,10636.88,10669.15,10395.16,10390.05,202286400.0,-226.63     ,-2.13   ,10647.858,10695.009,10749.476,182994889.6 ,194062145.6 ,198481260.0
2018-04-18,10477.52,10514.74,10491.15,10249.87,215834944.0,95.99       ,0.92    ,10584.414,10658.829,10720.609,187961004.8 ,191771345.6 ,200982035.2
2018-04-19,10502.36,10646.7 ,10598.35,10485.41,203988576.0,107.2       ,1.02    ,10558.694,10643.235,10696.637,194421340.8 ,191349798.4 ,202313460.0
2018-04-20,10571.99,10619.17,10408.91,10392.69,196805696.0,-189.44     ,-1.79   ,10503.072,10615.67 ,10668.055,201415017.6 ,191713995.2 ,202030121.6
2018-04-23,10416.78,10471.21,10330.63,10228.09,179579808.0,-78.28      ,-0.75   ,10444.84 ,10583.395,10640.724,199699084.8 ,191092507.2 ,202220204.0
2018-04-24,10325.51,10556.82,10556.82,10325.51,190970000.0,226.19,2.19,10477.172,10562.515,10646.565,197435804.8,190215347.2,197648062.4
2018-04-25,10503.94,10579.18,10547.1,10488.87,183348352.0,-9.72,-0.09,10488.362,10536.388,10645.701,190938486.4,189449745.6,197025535.2
2018-04-26,10495.03,10508.01,10292.12,10290.37,186332448.0,-254.98,-2.42,10427.116,10492.905,10621.522,187407260.8,190914300.8,195198020.0
2018-04-27,10353.02,10382.77,10324.47,10239.97,164776512.0,32.35,0.31,10410.228,10456.65,10606.211,181001424.0,191208220.8,193196780.0
2018-05-02,10356.19,10433.28,10342.85,10283.52,160567088.0,18.38,0.18,10412.672,10428.756,10585.557,177198880.0,188448982.4,191596401.6
2018-05-03,10329.16,10459.39,10458.62,10228.26,177743312.0,115.77,1.12,10393.032,10435.102,10565.056,174553542.4,185994673.6,190028409.6
2018-05-04,10428.85,10490.06,10426.19,10411.83,150582432.0,-32.43,-0.31,10368.85,10428.606,10543.718,168000358.4,179469422.4,185620384.0
2018-05-07,10456.43,10626.51,10626.51,10450.49,174177184.0,200.32,1.92,10435.728,10431.422,10537.329,165569305.6,176488283.2,183919040.8
2018-05-08,10632.11,10721.98,10707.8,10630.58,182770928.0,81.29,0.77,10512.394,10461.311,10538.491,169168188.8,175084806.4,183399400.8
2018-05-09,10693.22,10705.15,10689.07,10639.92,169498640.0,-18.73,-0.17,10581.638,10497.155,10540.275,170954499.2,174076689.6,182584598.4
2018-05-10,10706.73,10742.64,10729.77,10651.87,180925296.0,40.7,0.38,10635.868,10514.45,10538.483,171590896.0,173072219.2,181643783.2
2018-05-11,10748.89,10752.82,10634.3,10634.23,180171408.0,-95.47,-0.89,10677.49,10523.17,10529.779,177508691.2,172754524.8,181102135.2
2018-05-14,10649.11,10723.79,10671.46,10641.29,169570272.0,37.16,0.35,10686.48,10561.104,10527.005,176587308.8,171078307.2,180996304.0
2018-05-15,10692.82,10747.99,10747.99,10632.55,157932640.0,76.53,0.72,10694.518,10603.456,10530.053,171619651.2,170393920.0,180801070.4
2018-05-16,10713.59,10776.43,10701.32,10691.14,165521872.0,-46.67,-0.43,10696.968,10639.303,10534.03,170824297.6,170889398.4,179669190.4
2018-05-17,10702.07,10713.71,10635.5,10615.92,150682896.0,-65.82,-0.61,10678.114,10656.991,10546.047,164775817.6,168183356.8,177089015.2
2018-05-18,10623.91,10679.51,10672.52,10557.75,154568048.0,37.02,0.35,10685.758,10681.624,10555.115,159655145.6,168581918.4,174025670.4
2018-05-21,10741.19,10789.76,10765.35,10731.61,191005744.0,92.83,0.87,10704.536,10695.508,10563.465,163942240.0,170264774.4,173376528.8
2018-05-22,10754.7,10765.81,10765.81,10689.51,179543856.0,0.46,0.0,10708.1,10701.309,10581.31,168264483.2,169942067.2,172513436.8
2018-05-23,10746.82,10746.82,10631.12,10631.12,186496576.0,-134.69,-1.25,10694.06,10695.514,10596.335,172459424.0,171641860.8,172859275.2
2018-05-24,10632.5,10657.45,10564.13,10552.35,158449312.0,-66.99,-0.63,10679.786,10678.95,10596.7,174012707.2,169394262.4,171233240.8
2018-05-25,10550.63,10576.81,10448.22,10435.95,172760864.0,-115.91,-1.1,10634.926,10660.342,10591.756,177651270.4,168653208.0,170703866.4
2018-05-28,10439.65,10536.57,10465.54,10382.72,169664096.0,17.32,0.17,10574.964,10639.75,10600.427,173382940.8,168662590.4,169870448.8
2018-05-29,10446.99,10517.14,10349.07,10347.94,168436144.0,-116.47,-1.11,10491.616,10599.858,10601.657,171161398.4,169712940.8,170053430.4
2018-05-30,10203.66,10252.15,10105.79,10097.48,197606896.0,-243.28,-2.35,10386.55,10540.305,10589.804,173383462.4,172921443.2,171905420.8
2018-05-31,10178.96,10295.73,10295.73,10115.66,174687664.0,189.94,1.88,10332.87,10506.328,10581.66,176631132.8,175321920.0,171752638.4
2018-06-01,10247.16,10280.74,10169.35,10122.99,162718880.0,-126.38,-1.23,10277.096,10456.011,10568.818,174622736.0,176137003.2,172359460.8
2018-06-04,10192.04,10237.6,10204.32,10148.69,145772240.0,34.97,0.34,10224.852,10399.908,10547.708,169844364.8,171613652.8,170939213.6
2018-06-05,10216.63,10385.61,10385.61,10216.02,152789664.0,181.29,1.78,10232.16,10361.888,10531.599,166715068.8,168938233.6,169440150.4
2018-06-06,10375.26,10403.93,10365.13,10337.71,145456736.0,-20.48,-0.2,10284.028,10335.289,10515.402,156285036.8,164834249.6,168238055.2
2018-06-07,10397.65,10411.56,10313.85,10308.06,147571360.0,-51.28,-0.49,10287.652,10310.261,10494.606,150861776.0,163746454.4,166570358.4
2018-06-08,10290.63,10291.9,10205.52,10136.58,151727248.0,-108.33,-1.05,10294.886,10285.991,10473.167,148663449.6,161643092.8,165148150.4
2018-06-11,10191.31,10242.76,10175.35,10141.27,131225344.0,-30.17,-0.3,10289.092,10256.972,10448.361,145754070.4,157799217.6,163230904.0
2018-06-12,10187.31,10323.0,10315.28,10124.98,142568224.0,139.93,1.38,10275.026,10253.593,10426.726,143709782.4,155212425.6,162462683.2
2018-06-13,10280.08,10288.0,10161.65,10161.39,142851632.0,-153.63,-1.49,10234.33,10259.179,10399.742,143188761.6,149736899.2,161329171.2
2018-06-14,10124.76,10213.79,10084.18,10054.37,130720920.0,-77.47,-0.76,10188.396,10238.024,10372.176,139818673.6,145340224.8,160331072.4
2018-06-15,10077.43,10108.53,9943.13,9902.63,159964432.0,-141.05,-1.4,10135.918,10215.402,10335.707,141466110.4,145064780.0,160600891.6
2018-06-19,9775.97,9815.01,9414.76,9336.7,214212672.0,-528.37,-5.31,9983.8,10136.446,10268.177,158063576.0,151908823.2,161761238.0
2018-06-20,9367.74,9549.53,9501.34,9310.19,169974560.0,86.58,0.92,9821.012,10048.019,10204.954,163544843.2,153627312.8,161282773.2
2018-06-21,9493.5,9573.49,9316.68,9313.09,173337584.0,-184.66,-1.94,9652.018,9943.174,10139.232,169642033.6,156415397.6,160624823.6
2018-06-22,9247.02,9416.09,9409.95,9172.3,152509536.0,93.27,1.0,9517.172,9852.784,10081.523,173999756.8,156909215.2,160327834.8
2018-06-25,9472.91,9494.44,9324.83,9320.66,150021424.0,-85.12,-0.91,9393.512,9764.715,10025.353,172011155.2,156738632.8,159190862.8
2018-06-26,9201.0,9364.51,9339.37,9175.39,163332512.0,14.54,0.16,9378.434,9681.117,9969.045,161835123.2,159949349.6,158874283.6
2018-06-27,9338.01,9378.08,9168.66,9139.82,158240672.0,-170.71,-1.83,9311.898,9566.455,9910.024,159488345.6,161516594.4,158364510.0
2018-06-28,9130.52,9230.89,9071.73,9065.2,152800208.0,-96.93,-1.06,9262.908,9457.463,9858.321,155380870.4,162511452.0,156124175.6
2018-06-29,9100.6,9381.02,9379.47,9078.24,180437088.0,307.74,3.39,9256.812,9386.992,9812.508,160966380.8,167483068.8,156411646.8
2018-07-02,9369.24,9393.1,9179.8,9107.55,180839648.0,-199.67,-2.13,9227.806,9310.659,9763.031,167130025.6,169570590.4,157317685.2
2018-07-03,9184.31,9233.02,9221.54,8945.42,193249696.0,41.74,0.46,9204.24,9291.337,9713.892,173113462.4,167474292.8,159691558.0
2018-07-04,9182.96,9200.27,9035.49,9008.09,170891456.0,-186.05,-2.02,9177.606,9244.752,9646.386,175643619.2,167565982.4,160596647.6
2018-07-05,9036.12,9096.54,8862.18,8844.67,163346224.0,-173.31,-1.92,9135.696,9199.302,9571.238,177752822.4,166566846.4,161491122.0
2018-07-06,8873.9,9035.45,8911.34,8736.36,186062992.0,49.16,0.56,9042.07,9149.441,9501.113,178878003.2,169922192.0,163415703.6
2018-07-09,8954.31,9160.62,9160.62,8954.31,161689088.0,249.28,2.8,9038.234,9133.02,9448.868,175047891.2,171088958.4,163913795.6
2018-07-10,9176.29,9213.87,9205.43,9123.22,163300560.0,44.81,0.49,9035.012,9119.626,9400.372,169058064.0,171085763.2,165517556.4
2018-07-11,9024.72,9092.88,9023.82,8916.98,178766528.0,-181.61,-1.97,9032.678,9105.142,9335.799,170633078.4,173138348.8,167327471.6
2018-07-12,9019.96,9312.37,9273.61,9019.96,211251552.0,249.79,2.77,9114.964,9125.33,9291.397,180214144.0,178983483.2,170747467.6
2018-07-13,9288.47,9344.65,9326.97,9270.2,186432416.0,53.36,0.57,9198.09,9120.08,9253.536,180288028.8,179583016.0,173533042.4
2018-07-16,9322.97,9366.21,9317.36,9278.07,166706960.0,-9.61,-0.1,9229.438,9133.836,9222.248,181291603.2,178169747.2,173870168.8
2018-07-17,9307.66,9307.66,9285.16,9175.66,159232336.0,-32.2,-0.35,9245.384,9140.198,9215.768,180477958.4,174768011.2,171121152.0
2018-07-18,9293.2,9335.09,9195.24,9195.24,175256576.0,-89.92,-0.97,9279.668,9156.173,9200.463,179775968.0,175204523.2,171385252.8
2018-07-19,9214.9,9266.93,9148.78,9116.45,161620352.0,-46.46,-0.51,9254.702,9184.833,9192.068,169849728.0,175031936.0,170799391.2
2018-07-20,9141.51,9277.95,9251.48,9055.86,169930480.0,102.7,1.12,9239.604,9218.847,9184.144,166549340.8,173418684.8,171670438.4
2018-07-23,9188.47,9314.3,9314.3,9160.05,199809120.0,62.82,0.68,9238.992,9234.215,9183.618,173169772.8,177230688.0,174159823.2
2018-07-24,9316.65,9491.24,9465.8,9313.17,244672640.0,151.5,1.63,9275.12,9260.252,9189.939,190257833.6,185367896.0,178226829.6
2018-07-25,9475.72,9514.94,9463.76,9436.99,213146944.0,-2.04,-0.02,9328.824,9304.246,9204.694,197835907.2,188805937.6,180972143.2
2018-07-26,9467.56,9488.39,9352.25,9331.45,229138672.0,-111.51,-1.18,9369.518,9312.11,9218.72,211339571.2,190594649.6,184789066.4
2018-07-27,9344.75,9363.17,9295.93,9270.35,188934752.0,-56.32,-0.6,9378.408,9309.006,9214.543,215140425.6,190844883.2,185213949.6
2018-07-30,9289.36,9309.44,9181.94,9139.74,178357088.0,-113.99,-1.23,9351.936,9295.464,9214.65,210850019.2,192009896.0,185089821.6
2018-07-31,9168.83,9216.73,9178.78,9132.08,147991104.0,-3.16,-0.03,9294.532,9284.826,9212.512,191513712.0,190885772.8,182826892.0
2018-08-01,9205.75,9235.74,9005.37,9005.37,173264528.0,-173.41,-1.89,9202.854,9265.839,9211.006,183537228.8,190686568.0,182945545.6
2018-08-02,8971.71,8971.71,8780.56,8613.84,211111152.0,-224.81,-2.5,9088.516,9229.017,9206.925,179931724.8,195635648.0,185333792.0
2018-08-03,8767.56,8807.95,8602.12,8602.12,152843392.0,-178.44,-2.03,8949.754,9164.081,9191.464,172713452.8,193926939.2,183672812.0
2018-08-06,8582.43,8638.37,8422.84,8374.4,159152336.0,-179.28,-2.08,8797.934,9074.935,9154.575,168872502.4,189861260.8,183545974.4
2018-08-07,8453.55,8674.03,8674.03,8379.7,171924064.0,251.19,2.98,8696.984,8995.758,9128.005,173659094.4,182586403.2,183977149.6
2018-08-08,8654.55,8665.39,8499.22,8498.21,171693504.0,-174.81,-2.02,8595.754,8899.304,9101.775,173344889.6,178441059.2,183623498.4
2018-08-09,8475.79,8797.58,8752.2,8460.43,199857200.0,252.98,2.98,8590.082,8839.299,9075.705,171094099.2,175512912.0,183053780.8
2018-08-10,8752.94,8839.29,8813.49,8742.4,159645040.0,61.29,0.7,8632.356,8791.055,9050.031,172454428.8,172583940.8,181714412.0
2018-08-13,8712.12,8855.62,8844.86,8676.21,160953760.0,31.37,0.36,8716.76,8757.347,9026.406,172814713.6,170843608.0,181426752.0
2018-08-14,8832.27,8843.57,8784.9,8752.76,152129696.0,-59.96,-0.68,8738.934,8717.959,9001.393,168855840.0,171257467.2,181071620.0
2018-08-15,8786.35,8786.35,8581.18,8567.23,163432384.0,-203.72,-2.32,8755.326,8675.54,8970.69,167203616.0,170274252.8,180480410.4
2018-08-16,8470.91,8628.91,8500.42,8408.0,157105424.0,-80.76,-0.94,8704.97,8647.526,8938.272,158653260.8,164873680.0,180254664.0
2018-08-17,8573.57,8597.79,8357.04,8341.1,152746928.0,-143.38,-1.69,8613.68,8623.018,8893.55,157273638.4,164864033.6,179395486.4
2018-08-20,8355.0,8414.15,8414.15,8241.14,149839728.0,57.11,0.68,8527.538,8622.149,8848.542,155050832.0,163932772.8,176897016.8
2018-08-21,8419.79,8561.79,8549.06,8396.58,148513888.0,134.91,1.6,8480.37,8609.652,8802.705,154327670.4,161591755.2,172089079.2
2018-08-22,8533.43,8533.43,8454.75,8440.58,133426216.0,-94.31,-1.1,8455.084,8605.205,8752.255,148326436.8,157765026.4,168103042.8
2018-08-23,8446.98,8543.42,8501.39,8411.74,140125088.0,46.64,0.55,8455.278,8580.124,8709.712,144930369.6,151791815.2,163652363.6
2018-08-24,8480.22,8544.25,8484.74,8438.08,140519872.0,-16.65,-0.2,8480.818,8547.249,8669.152,142484958.4,149879298.4,161231619.6
2018-08-27,8511.37,8728.56,8728.56,8511.37,178436160.0,243.82,2.87,8543.7,8535.619,8646.483,148204244.8,151627538.4,161235573.2
2018-08-28,8731.64,8758.71,8733.75,8693.52,162576032.0,5.19,0.06,8580.638,8530.504,8624.232,151016673.6,152672172.0,161964819.6
2018-08-29,8716.82,8724.81,8678.26,8649.73,154352064.0,-55.49,-0.64,8625.34,8540.212,8607.876,155201843.2,151764140.0,161019196.4
2018-08-30,8666.9,8701.04,8552.8,8543.79,157376464.0,-125.46,-1.45,8635.622,8545.45,8596.488,158652118.4,151791244.0,158332462.0
2018-08-31,8509.27,8536.06,8465.47,8425.35,138909488.0,-87.33,-1.02,8631.768,8556.293,8589.656,158330041.6,150407500.0,157635766.8
2018-09-03,8440.95,8459.95,8455.55,8344.93,145309024.0,-9.92,-0.12,8577.166,8560.433,8591.291,151704614.4,149954429.6,156943601.2
2018-09-04,8454.14,8573.2,8554.44,8420.88,161407184.0,98.89,1.17,8541.304,8560.971,8585.312,151470844.8,151243759.2,156417757.2
2018-09-05,8519.57,8536.84,8402.51,8402.51,166313904.0,-151.93,-1.78,8486.154,8555.747,8580.476,153863212.8,154532528.0,156148777.2
2018-09-06,8369.3,8450.89,8324.16,8295.48,144449456.0,-78.35,-0.93,8440.426,8538.024,8559.074,151277811.2,154964964.8,153378390.0
2018-09-07,8344.57,8462.39,8322.36,8270.4,160347056.0,-1.8,-0.02,8411.804,8521.786,8534.518,155565324.8,156947683.2,153413490.8
2018-09-10,8310.46,8311.91,8158.49,8155.35,155414176.0,-163.87,-1.97,8352.392,8464.779,8500.199,157586355.2,154645484.8,153136511.6
2018-09-11,8155.95,8216.62,8168.1,8112.0,135954592.0,9.61,0.12,8275.124,8408.214,8469.359,152495836.8,151983340.8,152327756.4
2018-09-12,8162.17,8196.86,8111.16,8095.01,128076096.0,-56.94,-0.7,8216.854,8351.504,8445.858,144848275.2,149355744.0,150559942.0
2018-09-13,8196.21,8227.2,8163.76,8038.12,156021952.0,52.6,0.65,8184.774,8312.6,8429.025,147162774.4,149220292.8,150505768.4
2018-09-14,8173.56,8180.7,8113.88,8090.4,160010224.0,-49.88,-0.61,8143.078,8277.441,8416.867,147095408.0,151330366.4,150868933.2
2018-09-17,8068.06,8074.79,7999.35,7977.44,141937344.0,-114.53,-1.41,8111.25,8231.821,8396.127,144400041.6,150993198.4,150473814.0
2018-09-18,7970.45,8133.9,8133.22,7958.52,160542160.0,133.87,1.67,8104.274,8189.699,8375.335,149317555.2,150906696.0,151075227.6
2018-09-19,8111.24,8313.62,8248.12,8097.23,200529776.0,114.9,1.41,8131.666,8174.26,8365.004,163808291.2,154328283.2,154430405.6
2018-09-20,8241.7,8295.13,8233.89,8218.38,177806992.0,-14.23,-0.17,8145.692,8165.233,8351.629,168165299.2,157664036.8,156314500.8
2018-09-21,8258.02,8419.47,8409.18,8216.68,197594128.0,175.29,2.13,8204.752,8173.915,8347.851,175682080.0,161388744.0,159168213.6
2018-09-25,8336.75,8390.65,8353.38,8311.93,149970128.0,-55.8,-0.66,8275.558,8193.404,8329.092,177288636.8,160844339.2,157744912.0
2018-09-26,8369.52,8485.68,8420.54,8344.72,182897168.0,67.16,0.8,8333.022,8218.648,8313.431,181759638.4,165538596.8,158760968.8
2018-09-27,8411.18,8434.87,8334.75,8331.78,191355632.0,-85.79,-1.02,8350.348,8241.007,8296.256,179924809.6,171866550.4,160611147.2
2018-09-28,8351.63,8405.98,8401.09,8317.48,155515376.0,66.34,0.8,8383.788,8264.74,8288.67,175466486.4,171815892.8,160518092.8
2018-10-08,8225.84,8249.39,8060.83,8055.98,164590320.0,-340.26,-4.05,8314.118,8259.435,8268.438,168865724.8,172273902.4,161802134.4
2018-10-09,8083.23,8132.15,8046.39,8013.19,134621904.0,-14.44,-0.18,8252.72,8264.139,8247.98,165796080.0,171542358.4,161267778.4
2018-10-10,8062.46,8090.22,8010.69,7952.13,139300400.0,-35.7,-0.44,8170.75,8251.886,8220.793,157076726.4,169418182.4,160162439.2
2018-10-11,7753.03,7803.29,7524.09,7481.89,234967632.0,-486.6,-6.07,8008.618,8179.483,8176.872,165799126.4,172861968.0,163595125.6
2018-10-12,7484.86,7595.93,7558.28,7331.81,210084272.0,34.19,0.45,7840.056,8111.922,8138.578,176712905.6,176089696.0,166876866.4
2018-10-15,7571.71,7622.03,7444.48,7430.96,157507888.0,-113.8,-1.51,7716.786,8015.452,8094.684,175296419.2,172081072.0,166734908.0
2018-10-16,7444.94,7493.15,7298.98,7263.29,157665056.0,-145.5,-1.95,7567.304,7910.012,8051.708,179905049.6,172850564.8,166847452.0
2018-10-17,7390.69,7419.21,7365.21,7206.34,171300144.0,66.23,0.91,7438.208,7804.479,8011.564,186304998.4,171690862.4,168614729.6
2018-10-18,7309.0,7316.19,7187.49,7182.39,162453344.0,-177.72,-2.41,7370.888,7689.753,7965.38,171802140.8,168800633.6,170333592.0
2018-10-19,7097.04,7390.92,7387.74,7084.44,184794336.0,200.25,2.79,7336.78,7588.418,7926.579,166744153.6,171728529.6,171772211.2
2018-10-22,7464.92,7816.82,7748.82,7464.92,257882928.0,361.08,4.89,7397.648,7557.217,7908.326,186819161.6,181057790.4,176665846.4
2018-10-23,7752.18,7769.52,7574.99,7523.07,221267184.0,-173.83,-2.24,7452.85,7510.077,7887.108,199539587.2,189722318.4,180632338.4
2018-10-24,7531.6,7653.24,7545.11,7484.63,183170096.0,-29.88,-0.39,7488.83,7463.519,7857.703,201913577.6,194109288.0,181763735.2
2018-10-25,7334.52,7543.11,7529.41,7305.77,191703392.0,-15.7,-0.21,7557.214,7464.051,7821.767,207763587.2,189782864.0,181322416.0
2018-10-26,7582.77,7621.38,7504.72,7476.13,184356992.0,-24.69,-0.33,7580.61,7458.695,7785.309,207676118.4,187210136.0,181649916.0
2018-10-29,7449.64,7450.38,7322.24,7290.82,155114080.0,-182.48,-2.43,7495.294,7446.471,7730.962,187122348.8,186970755.2,179525913.6
2018-10-30,7271.96,7451.66,7375.23,7189.35,188857664.0,52.99,0.72,7455.342,7454.096,7682.054,180640444.8,190090016.0,181470290.4
2018-10-31,7385.98,7526.6,7482.83,7373.75,194478320.0,107.6,1.46,7442.886,7465.858,7635.169,182902089.6,192407833.6,182049348.0
2018-11-01,7568.2,7689.57,7567.79,7558.4,235785440.0,84.96,1.14,7450.562,7503.888,7596.821,191718499.2,199741043.2,184270838.4
2018-11-02,7763.49,7867.54,7867.54,7709.44,268299632.0,299.75,3.96,7523.126,7551.868,7570.143,208507027.2,208091572.8,189910051.2
2018-11-05,7831.82,7895.54,7839.08,7733.14,259786880.0,-28.46,-0.36,7626.494,7560.894,7559.056,229441587.2,208281968.0,194669879.2
2018-11-06,7807.09,7807.09,7791.25,7701.51,210422864.0,-47.83,-0.61,7709.698,7582.52,7546.299,233754627.2,207197536.0,198459927.2
2018-11-07,7783.13,7871.17,7752.04,7745.39,226640512.0,-39.21,-0.5,7763.54,7603.213,7533.366,240187065.6,211544577.6,202826932.8
2018-11-08,7813.63,7823.6,7698.02,7692.34,209202176.0,-54.02,-0.7,7789.586,7620.074,7542.063,234870412.8,213294456.0,201538660.0
2018-11-09,7650.17,7705.26,7648.55,7626.17,193795520.0,-49.47,-0.64,7745.788,7634.457,7546.576,219969590.4,214238308.8,200724222.4
2018-11-12,7634.82,7832.82,7832.29,7622.47,249652880.0,183.74,2.4,7744.43,7685.462,7565.967,217942790.4,223692188.8,205331472.0
2018-11-13,7733.11,8008.11,7963.66,7718.68,353815392.0,131.37,1.68,7778.912,7744.305,7599.201,246621296.0,240187961.6,215138988.8
2018-11-14,7942.08,7990.45,7908.55,7894.21,314971616.0,-55.11,-0.69,7810.214,7786.877,7626.368,264287516.8,252237291.2,222322562.4
2018-11-15,7889.92,8002.1,8002.1,7884.34,281944320.0,93.55,1.18,7871.03,7830.308,7667.098,278835945.6,256853179.2,228297111.2
2018-11-16,8003.47,8116.73,8062.29,7959.14,317727584.0,60.19,0.75,7953.778,7849.783,7700.826,303622358.4,261795974.4,234943773.6
2018-11-19,8050.55,8108.85,8108.85,8014.57,295374976.0,46.56,0.58,8009.09,7876.76,7718.827,312766777.6,265354784.0,236818376.0
2018-11-20,8031.36,8054.24,7879.52,7870.41,285221216.0,-229.33,-2.83,7992.262,7885.587,7734.054,299047942.4,272834619.2,240016077.6
2018-11-21,7786.78,7919.07,7908.47,7776.56,241088352.0,28.95,0.37,7992.246,7901.23,7752.222,284271289.6,274279403.2,242911990.4
2018-11-22,7929.79,7950.97,7893.99,7857.81,224810816.0,-14.48,-0.18,7970.624,7920.827,7770.451,272844588.8,275840267.2,244567361.6
2018-11-23,7882.85,7889.13,7636.7,7616.47,263332912.0,-257.29,-3.26,7885.506,7919.642,7777.05,261965654.4,282794006.4,248516157.6
2018-11-26,7627.4,7682.2,7615.91,7586.6,178770560.0,-20.79,-0.27,7786.918,7898.004,7791.733,238644771.2,275705774.4,249698981.6
2018-11-27,7657.8,7682.76,7635.16,7589.0,180528496.0,19.25,0.25,7738.046,7865.154,7804.73,217706227.2,258377084.8,249282523.2
2018-11-28,7633.37,7757.07,7757.07,7572.65,217484848.0,121.91,1.6,7707.766,7850.006,7818.442,212985526.4,248628408.0,250432849.6
2018-11-29,7800.57,7820.45,7597.01,7597.01,217859136.0,-160.06,-2.06,7648.37,7809.497,7819.903,211595190.4,242219889.6,249536534.4
2018-11-30,7583.84,7688.88,7681.75,7537.92,187016048.0,84.74,1.11,7657.38,7771.443,7810.613,196331817.6,229148736.0,245472355.2
2018-12-03,7901.83,7968.09,7938.47,7835.23,265804512.0,256.72,3.34,7721.892,7754.405,7815.583,213738608.0,226191689.6,245773236.8
2018-12-04,7916.55,7954.31,7953.72,7890.66,223747648.0,15.25,0.19,7785.604,7761.825,7823.706,222382438.4,220044332.8,246439476.0
2018-12-05,7825.12,7972.98,7928.51,7808.74,224383040.0,-25.21,-0.32,7819.892,7763.829,7832.53,223762076.8,218373801.6,246326602.4
2018-12-06,7854.59,7872.45,7735.05,7725.99,208415904.0,-193.46,-2.44,7847.5,7747.935,7834.381,221873430.4,216734310.4,246287288.8
2018-12-07,7741.73,7765.14,7733.89,7712.27,166896832.0,-1.16,-0.01,7857.928,7757.654,7838.648,217849587.2,207090702.4,244942354.4
2018-12-10,7663.26,7698.53,7624.86,7606.0,166805872.0,-109.03,-1.41,7795.206,7758.549,7828.277,198049859.2,205894233.6,240800004.0
2018-12-11,7642.16,7685.4,7685.4,7628.15,159567344.0,60.54,0.79,7741.542,7763.573,7814.364,185213798.4,203798118.4,231087601.6
2018-12-12,7721.82,7737.24,7698.02,7675.26,161508624.0,12.62,0.16,7695.444,7757.668,7803.837,172638915.2,198200496.0,223414452.0
2018-12-13,7717.47,7849.66,7808.04,7679.02,196499952.0,110.02,1.43,7710.042,7778.771,7794.134,170255724.8,196064577.6,219142233.6
2018-12-14,7785.29,7792.74,7629.65,7624.72,198374176.0,-178.39,-2.29,7689.194,7773.561,7772.502,176551193.6,197200390.4,213174563.2
2018-12-17,7599.01,7618.68,7592.65,7515.46,158891072.0,-37.0,-0.48,7682.752,7738.979,7746.692,174968233.6,186509046.4,206350368.0
2018-12-18,7540.96,7609.39,7530.32,7473.45,155100976.0,-62.33,-0.82,7651.736,7696.639,7729.232,174074960.0,179644379.2,199844356.0
2018-12-19,7541.5,7548.72,7418.69,7407.46,145332896.0,-111.63,-1.48,7595.87,7645.657,7704.743,170839814.4,171739364.8,195056583.2
2018-12-20,7402.2,7445.05,7426.44,7363.77,152721232.0,7.75,0.1,7519.55,7614.796,7681.366,162084070.4,166169897.6,191452104.0
2018-12-21,7399.15,7405.27,7337.6,7283.76,159820128.0,-88.84,-1.2,7461.14,7575.167,7666.411,154373260.8,165462227.2,186276464.8
2018-12-24,7315.26,7393.71,7392.56,7293.15,143034688.0,54.96,0.75,7421.122,7551.937,7655.243,151201984.0,163085108.8,184489671.2
2018-12-25,7308.61,7362.07,7332.35,7180.08,195489952.0,-60.21,-0.81,7381.528,7516.632,7640.103,159279779.2,166677369.6,185237744.0
2018-12-26,7323.99,7369.84,7289.55,7277.56,159524912.0,-42.8,-0.58,7355.7,7475.785,7616.727,162118182.4,166478998.4,182339747.2
2018-12-27,7402.6,7415.92,7215.34,7215.34,175911472.0,-74.21,-1.02,7313.48,7416.515,7597.643,166756230.4,164420150.4,180242364.0
2018-12-28,7229.87,7282.5,7239.79,7174.9,155838080.0,24.45,0.34,7293.918,7377.529,7575.545,165959820.8,160166540.8,178683465.6
2019-01-02,7259.49,7266.47,7149.27,7136.95,146826480.0,-90.52,-1.25,7245.26,7333.191,7536.085,166718179.2,158960081.6,172734564.0
2019-01-03,7134.15,7217.83,7089.44,7081.83,173151168.0,-59.83,-0.84,7196.678,7289.103,7492.871,162250422.4,160765100.8,170204740.0
2019-01-04,7022.12,7284.84,7284.84,7011.33,231616896.0,195.4,2.76,7195.736,7275.718,7460.688,176668819.2,169393500.8,170566432.8
2019-01-07,7333.32,7409.38,7400.2,7303.46,248688848.0,115.36,1.58,7232.708,7273.094,7443.945,191224294.4,178990262.4,172580080.0
2019-01-08,7381.61,7412.19,7391.65,7361.41,229394000.0,-8.55,-0.12,7263.08,7278.499,7426.833,205935478.4,185947649.6,175704938.4
2019-01-09,7425.64,7552.2,7447.93,7404.49,266767952.0,56.28,0.76,7322.812,7284.036,7417.987,229923772.8,198320976.0,180703042.4
2019-01-10,7442.7,7491.69,7428.61,7415.28,227413632.0,-19.32,-0.26,7390.646,7293.662,7405.147,240776265.6,201513344.0,184095356.8
2019-01-11,7441.18,7490.17,7474.01,7404.31,217105792.0,45.4,0.61,7428.48,7312.108,7393.947,237874044.8,207271432.0,186875215.2
2019-01-14,7473.88,7488.36,7409.2,7394.96,215934768.0,-64.81,-0.87,7430.28,7331.494,7374.005,231323228.8,211273761.6,187846956.0
2019-01-15,7403.79,7549.66,7547.35,7386.15,223110384.0,138.15,1.86,7461.42,7362.25,7369.89,230066505.6,218000992.0,189083766.4
2019-01-16,7545.35,7586.66,7540.45,7518.71,216076432.0,-6.9,-0.09,7479.924,7401.368,7367.28,219928201.6,224925987.2,191943034.4
2019-01-17,7534.04,7545.81,7470.36,7463.99,210238032.0,-70.09,-0.93,7488.274,7439.46,7364.282,216493081.6,228634673.6,194699887.2
2019-01-18,7486.95,7584.76,7581.39,7479.66,220630816.0,111.03,1.49,7509.75,7469.115,7372.417,217198086.4,227536065.6,198464783.2
2019-01-21,7591.19,7661.62,7626.24,7578.49,204896688.0,44.85,0.59,7553.158,7491.719,7382.407,214990470.4,223156849.6,201073556.0
2019-01-22,7615.8,7615.8,7516.79,7493.78,188464368.0,-109.45,-1.44,7547.046,7504.233,7391.366,208061267.2,219063886.4,202505768.0
2019-01-23,7493.07,7542.65,7523.77,7489.32,168488384.0,6.98,0.09,7543.71,7511.817,7397.927,198543657.6,209235929.6,203778452.8
2019-01-24,7537.5,7604.99,7573.52,7485.24,201968416.0,49.75,0.66,7564.342,7526.308,7409.985,196889734.4,206691408.0,204102376.0
2019-01-25,7581.29,7657.03,7595.45,7554.55,211919408.0,21.93,0.29,7567.154,7538.452,7425.28,195147452.8,206172769.6,206722100.8
2019-01-28,7641.29,7704.85,7589.58,7569.77,202423344.0,-5.87,-0.08,7559.822,7556.49,7443.992,194652784.0,204821627.2,208047694.4
2019-01-29,7575.43,7578.13,7551.3,7428.4,208909696.0,-38.28,-0.5,7566.724,7556.885,7459.568,198741849.6,203401558.4,210701275.2
2019-01-30,7518.03,7580.22,7470.47,7470.36,163342144.0,-80.83,-1.07,7556.064,7549.887,7475.628,197712601.6,198128129.6,211527058.4
2019-01-31,7485.79,7552.56,7479.22,7428.86,206365248.0,8.75,0.12,7537.204,7550.773,7495.117,198591968.0,197740851.2,213187762.4
2019-02-01,7524.67,7684.11,7684.0,7517.83,180990256.0,204.78,2.74,7554.914,7561.034,7515.075,192406137.6,193776795.2,210656430.4
2019-02-11,7695.17,7922.54,7919.05,7695.17,211629264.0,235.05,3.06,7620.808,7590.315,7541.017,194247321.6,194450052.8,208803451.2
2019-02-12,7915.06,8027.63,8010.07,7903.9,258799232.0,91.02,1.15,7712.562,7639.643,7571.938,204225228.8,201483539.2,210273712.8
2019-02-13,8029.97,8191.98,8171.21,8016.78,318137984.0,161.14,2.01,7852.71,7704.387,7608.102,235184396.8,216448499.2,212842214.4
2019-02-14,8182.32,8260.33,8219.96,8141.1,310200224.0,48.75,0.6,8000.858,7769.031,7647.67,255951392.0,227271680.0,216981544.0
2019-02-15,8198.45,8223.64,8125.63,8117.51,307058592.0,-94.33,-1.15,8089.184,7822.049,7680.251,281165059.2,236785598.4,221479184.0
2019-02-18,8187.89,8446.92,8446.92,8187.89,396701088.0,321.29,3.95,8194.758,7907.783,7732.137,318179424.0,256213372.8,230517500.0
2019-02-19,8480.76,8537.35,8440.87,8350.86,437306240.0,-6.05,-0.07,8280.918,7996.74,7776.813,353880825.6,279053027.2,241227292.8
2019-02-20,8443.98,8488.47,8473.43,8372.96,365676256.0,32.56,0.39,8341.362,8097.036,7823.462,363388480.0,299286438.4,248707284.0
2019-02-21,8467.15,8619.62,8451.71,8416.17,431362368.0,-21.72,-0.26,8387.712,8194.285,7872.529,387620908.8,321786150.4,259763500.8
2019-02-22,8431.56,8651.2,8651.2,8393.86,416850496.0,199.49,2.36,8492.826,8291.005,7926.02,409579289.6,345372174.4,269574484.8
2019-02-25,8804.97,9134.58,9134.58,8785.42,643916672.0,483.38,5.59,8630.358,8412.558,8001.437,459022406.4,388600915.2,291525484.0
2019-02-26,9162.92,9276.45,9089.04,9036.75,689527168.0,-45.54,-0.5,8759.992,8520.455,8080.049,509466592.0,431673708.8,316578624.0
2019-02-27,9062.97,9158.2,9005.77,8901.72,550387136.0,-83.27,-0.92,8866.46,8603.911,8154.149,546408768.0,454898624.0,335673561.6
2019-02-28,9001.18,9097.4,9031.93,8970.65,421689440.0,26.16,0.29,8982.504,8685.108,8227.07,544474182.4,466047545.6,346659612.8
2019-03-01,9111.96,9167.65,9167.65,9005.49,399959296.0,135.72,1.5,9085.794,8789.31,8305.68,541095942.4,475337616.0,356061607.2
2019-03-04,9280.65,9567.15,9384.42,9260.73,606335360.0,216.77,2.37,9135.762,8883.06,8395.422,533579680.0,496301043.2,376257208.0
2019-03-05,9366.77,9595.74,9595.74,9328.0,563487488.0,211.32,2.25,9237.102,8998.547,8497.644,508371744.0,508919168.0,393986097.6
2019-03-06,9640.95,9707.92,9700.49,9518.71,692388096.0,104.75,1.09,9376.046,9121.253,8609.145,536771936.0,541590352.0,420438395.2
2019-03-07,9685.3,9782.22,9678.11,9546.56,685512448.0,-22.38,-0.23,9505.282,9243.893,8719.089,589536537.6,567005360.0,444395755.2
2019-03-08,9447.6,9726.3,9363.72,9346.73,709489792.0,-314.39,-3.25,9544.496,9315.145,8803.075,651442636.8,596269289.6,470820732.0
2019-03-11,9425.8,9704.33,9704.33,9370.38,558511360.0,340.61,3.64,9608.478,9372.12,8892.339,641877836.8,587728758.4,488164836.8
2019-03-12,9766.5,9928.2,9841.24,9683.07,663592448.0,136.91,1.41,9657.578,9447.34,8983.898,661898828.8,585135286.4,508404497.6
2019-03-13,9828.15,9828.15,9592.06,9534.33,615964544.0,-249.18,-2.53,9635.892,9505.969,9054.94,646614118.4,591693027.2,523295825.6
2019-03-14,9521.62,9620.46,9417.93,9323.06,482171904.0,-174.13,-1.81,9583.856,9544.569,9114.839,605946009.6,597741273.6,531894409.6
2019-03-15,9485.33,9650.54,9550.54,9452.91,422441792.0,132.61,1.41,9621.22,9582.858,9186.084,548536409.6,599989523.2,537663569.6
2019-03-18,9583.44,9843.43,9843.43,9510.66,439815296.0,292.89,3.07,9649.04,9628.759,9255.91,524797196.8,583337516.8,539819280.0
2019-03-19,9844.46,9908.17,9839.74,9774.75,431739488.0,-3.69,-0.04,9648.74,9653.159,9325.853,478426604.8,570162716.8,539540942.4
2019-03-20,9828.07,9848.77,9800.6,9642.67,451219904.0,-39.14,-0.4,9690.448,9663.17,9392.212,445477676.8,546045897.6,543818124.8
2019-03-21,9808.74,9934.86,9869.8,9771.86,515936096.0,69.2,0.71,9780.822,9682.339,9463.116,452230515.2,529088262.4,548046811.2
2019-03-22,9871.99,9891.83,9879.22,9692.25,467872480.0,9.42,0.1,9846.558,9733.889,9524.517,461316652.8,504926531.2,550597910.4
2019-03-25,9705.02,9858.08,9701.7,9680.94,460806720.0,-177.52,-1.8,9818.212,9733.626,9552.873,465514937.6,495156067.2,541442412.8
2019-03-26,9753.17,9780.08,9513.0,9487.1,448860544.0,-188.7,-1.95,9752.864,9700.802,9574.071,468939148.8,473682876.8,529409081.6
2019-03-27,9582.03,9609.44,9609.44,9446.35,376919232.0,96.44,1.01,9714.632,9702.54,9604.255,454079014.4,449778345.6,520735686.4
2019-03-28,9586.38,9695.52,9546.51,9537.61,365302240.0,-62.93,-0.66,9649.974,9715.398,9629.984,423952243.2,438091379.2,517916326.4
2019-03-29,9556.3,9906.86,9906.86,9554.07,435504960.0,360.35,3.77,9655.502,9751.03,9666.944,417478739.2,439397696.0,519693609.6
2019-04-01,9976.98,10277.55,10267.7,9976.98,539634752.0,360.84,3.64,9768.702,9793.457,9711.108,433244345.6,449379641.6,516358579.2
2019-04-02,10314.79,10334.95,10260.36,10220.81,557057600.0,-7.34,-0.07,9918.174,9835.519,9744.339,454883756.8,461911452.8,516037084.8
2019-04-03,10199.97,10350.57,10340.51,10166.67,491116576.0,80.15,0.78,10064.388,9889.51,9776.34,477723225.6,465901120.0,505973508.8
2019-04-04,10379.2,10453.5,10415.8,10309.53,514128416.0,75.29,0.73,10238.246,9944.11,9813.225,507488460.8,465720352.0,497404307.2
2019-04-08,10510.43,10541.18,10351.87,10226.25,544942080.0,-63.93,-0.61,10327.248,9991.375,9862.632,529375884.8,473427312.0,489176921.6
2019-04-09,10368.03,10438.99,10436.62,10304.73,440133440.0,84.75,0.82,10361.032,10064.867,9899.247,509475622.4,471359984.0,483258025.6
2019-04-10,10403.24,10529.74,10435.08,10328.61,474638368.0,-1.54,-0.01,10395.976,10157.075,9928.939,492991776.0,473937766.4,473810321.6
2019-04-11,10420.65,10437.45,10158.4,10149.38,444252128.0,-276.68,-2.65,10359.554,10211.971,9957.256,483618886.4,480671056.0,465224700.8
2019-04-12,10138.09,10186.47,10132.34,10053.81,370906208.0,-26.06,-0.26,10302.862,10270.554,9992.976,454974444.8,481231452.8,459661416.0
2019-04-15,10294.82,10365.31,10053.76,10048.83,403544064.0,-78.58,-0.78,10243.24,10285.244,10018.137,426694841.6,478035363.2,458716529.6
2019-04-16,9993.25,10287.64,10287.64,9928.28,411812448.0,233.88,2.33,10213.444,10287.238,10040.348,421030643.2,465253132.8,457316387.2
2019-04-17,10288.45,10410.65,10344.43,10257.56,453500768.0,56.79,0.55,10195.314,10295.645,10065.582,416803123.2,454897449.6,458404451.2
2019-04-18,10338.5,10363.85,10287.67,10267.31,422880576.0,-56.76,-0.55,10221.168,10290.361,10089.936,412528812.8,448073849.6,456987484.8
2019-04-19,10280.34,10418.24,10418.24,10208.61,409455008.0,130.57,1.27,10278.348,10290.605,10117.358,420238572.8,437606508.8,451663430.4
2019-04-22,10418.71,10418.71,10224.31,10192.52,437135616.0,-193.93,-1.86,10312.458,10277.849,10134.612,426956883.2,426825862.4,450126587.2
2019-04-23,10206.02,10247.39,10124.66,10091.92,403741216.0,-99.65,-0.97,10279.862,10246.653,10155.76,425342636.8,423186640.0,447273312.0
2019-04-24,10162.38,10239.37,10236.27,10023.91,370744416.0,111.61,1.1,10258.23,10226.772,10191.924,408791366.4,412797244.8,443367505.6
2019-04-25,10186.23,10209.14,9907.62,9902.02,430107680.0,-328.65,-3.21,10182.22,10201.694,10206.833,410236787.2,411382800.0,446026928.0
2019-04-26,9852.94,9927.74,9780.82,9774.75,339762944.0,-126.8,-1.28,10054.736,10166.542,10218.548,396298374.4,408268473.6,444749963.2
2019-04-29,9775.95,9822.82,9622.49,9597.09,356616160.0,-158.33,-1.62,9934.372,10123.415,10204.33,380194483.2,403575683.2,440805523.2
2019-04-30,9573.41,9730.55,9674.53,9573.39,263792928.0,52.04,0.54,9844.346,10062.104,10174.671,352204825.6,388773731.2,427013432.0
2019-05-06,9289.74,9333.92,8943.52,8893.15,355213408.0,-731.01,-7.56,9585.796,9922.013,10108.829,349098624.0,378944995.2,416921222.4
2019-05-07,9011.52,9160.52,9089.46,8928.57,296713600.0,145.94,1.63,9422.164,9802.192,10046.277,322419808.0,366328297.6,407201073.6
2019-05-08,8899.91,9167.81,9002.53,8873.44,289597248.0,-86.93,-0.96,9266.506,9660.621,9975.613,312386668.8,354342521.6,395974515.2
2019-05-09,8919.5,9012.24,8877.31,8860.17,244927936.0,-125.22,-1.39,9117.47,9525.921,9901.885,290049024.0,335121753.6,380973808.0
2019-05-10,8988.92,9238.55,9235.39,8820.59,346735328.0,358.08,4.03,9029.642,9436.994,9841.824,306637504.0,329421164.8,376303902.4
2019-05-13,9112.52,9191.07,9103.36,9059.32,268454272.0,-132.03,-1.43,9061.61,9323.703,9775.238,289285676.8,319192150.4,365994697.6
2019-05-14,8998.97,9142.46,9038.36,8996.92,258630928.0,-65.0,-0.71,9051.39,9236.777,9719.236,281669142.4,302044475.2,356713637.6
2019-05-15,9125.27,9282.96,9259.03,9123.9,288895904.0,220.67,2.44,9102.69,9184.598,9675.57,281528873.6,296957771.2,352613122.4
2019-05-16,9247.99,9307.22,9293.32,9211.75,310232480.0,34.29,0.37,9185.892,9151.681,9637.548,294589782.4,292319403.2,347947543.2
2019-05-17,9299.46,9303.05,9000.19,8964.37,349171168.0,-293.13,-3.15,9138.852,9084.247,9573.176,295076950.4,300857227.2,344815479.2
2019-05-20,8980.8,8994.18,8916.11,8792.84,274992480.0,-84.08,-0.93,9101.402,9081.506,9501.76,296384592.0,292835134.4,335890064.8
2019-05-21,8920.46,9120.69,9087.52,8892.15,287502720.0,171.41,1.92,9111.234,9081.312,9441.752,302158950.4,291914046.4,329121172.0
2019-05-22,9068.99,9132.37,9041.22,8986.53,281965184.0,-46.3,-0.51,9067.672,9085.181,9372.901,300772806.4,291150840.0,322746680.8
2019-05-23,8997.25,8997.25,8809.53,8789.41,278961824.0,-231.69,-2.56,8970.914,9078.403,9302.162,294518675.2,294554228.8,314837991.2
2019-05-24,8788.17,8880.81,8776.77,8745.6,228714112.0,-32.76,-0.37,8926.23,9032.541,9234.768,270427264.0,282752107.2,306086636.0
2019-05-27,8795.14,9003.87,8979.83,8732.98,270875552.0,203.06,2.31,8938.974,9020.188,9171.946,269603878.4,282994235.2,301093192.8
2019-05-28,8979.58,9082.7,9035.69,8946.7,276643360.0,55.86,0.62,8928.608,9019.921,9128.349,267432006.4,284795478.4,293419976.8
2019-05-29,8971.22,9077.51,9010.36,8956.72,248026464.0,-25.33,-0.28,8922.436,8995.054,9089.826,260644262.4,280708534.4,288833152.8
2019-05-30,8974.4,8974.4,8943.35,8845.83,264232016.0,-67.01,-0.74,8949.2,8960.057,9055.869,257698300.8,276108488.0,284213945.6
2019-05-31,8939.41,9016.16,8922.69,8892.12,248794752.0,-20.66,-0.23,8978.384,8952.307,9018.277,261714428.8,266070846.4,283464036.8
2019-06-03,8953.37,9012.08,8856.99,8826.75,273451168.0,-65.7,-0.74,8953.816,8946.395,9013.951,262229552.0,265916715.2,279375924.8
2019-06-04,8854.5,8868.09,8748.27,8697.49,238852096.0,-108.72,-1.23,8896.332,8912.47,8996.891,254671299.2,261051652.8,276482849.6
2019-06-05,8831.13,8851.12,8746.05,8729.21,224442496.0,-2.22,-0.03,8843.47,8882.953,8984.067,249954505.6,255299384.0,273225112.0
2019-06-06,8741.83,8741.83,8584.94,8557.58,230614576.0,-161.11,-1.84,8771.788,8860.494,8969.449,243231017.6,250464659.2,272509444.0
2019-06-10,8621.73,8748.97,8711.79,8582.48,205315216.0,126.85,1.48,8729.608,8853.996,8943.269,234535110.4,248124769.6,265438438.4
2019-06-11,8721.27,9045.12,9037.67,8718.47,316531072.0,325.88,3.74,8765.744,8859.78,8939.984,243151091.2,252690321.6,267842278.4
2019-06-12,9008.56,9038.87,8954.72,8930.91,295738688.0,-82.95,-0.92,8807.034,8851.683,8935.802,254528409.6,254599854.4,269697666.4
2019-06-13,8948.58,8974.8,8951.61,8866.22,268631456.0,-3.11,-0.04,8848.146,8845.808,8920.431,263366201.6,256660353.6,268684444.0
2019-06-14,8956.92,8994.16,8810.13,8801.33,273658048.0,-141.48,-1.58,8893.184,8832.486,8896.272,271974896.0,257602956.8,266855722.4
2019-06-17,8807.84,8864.77,8780.87,8753.42,205212912.0,-29.26,-0.33,8907.0,8818.304,8885.306,271954435.2,253244772.8,259657809.6
2019-06-18,8785.77,8839.23,8804.32,8722.93,193696112.0,23.45,0.27,8860.33,8813.037,8879.716,247387443.2,245269267.2,255592991.2
2019-06-19,9051.85,9084.18,8925.73,8923.44,275307776.0,121.41,1.38,8854.532,8830.783,8871.627,243301260.8,248914835.2,254983244.0
2019-06-20,8923.57,9183.15,9134.96,8900.75,317210752.0,209.23,2.34,8891.202,8869.674,8876.314,253017120.0,258191660.8,256745522.4
2019-06-21,9181.64,9252.55,9214.27,9158.32,351673728.0,79.31,0.87,8972.03,8932.607,8896.551,268620256.0,270297576.0,260381117.6
2019-06-24,9220.23,9251.48,9212.12,9171.35,286084416.0,-2.15,-0.02,9058.28,8982.64,8918.318,284794556.8,278374496.0,263249632.8
2019-06-25,9206.18,9206.18,9118.1,9004.76,279970016.0,-94.02,-1.02,9121.036,8990.683,8925.232,302049337.6,274718390.4,263704356.0
2019-06-26,9064.13,9164.28,9122.43,9040.32,223827824.0,4.33,0.05,9160.376,9007.454,8929.569,291753347.2,267527304.0,261063579.2
2019-06-27,9154.04,9274.42,9239.48,9152.63,258679872.0,117.05,1.28,9181.28,9036.241,8941.025,280047171.2,266532145.6,261596249.6
2019-06-28,9236.06,9236.06,9178.31,9126.89,243002496.0,-61.17,-0.66,9174.088,9073.059,8952.773,258312924.8,263466590.4,260534773.6
2019-07-01,9384.79,9530.46,9530.46,9339.77,337747136.0,352.15,3.84,9237.756,9148.018,8983.161,268645468.8,276720012.8,264982392.8
2019-07-02,9516.42,9560.52,9545.52,9483.16,306531360.0,15.06,0.16,9323.24,9222.138,9017.588,273957737.6,288003537.6,266636402.4
2019-07-03,9519.8,9520.38,9419.84,9376.31,260472592.0,-125.68,-1.32,9382.722,9271.549,9051.166,281286691.2,286520019.2,267717427.2
2019-07-04,9435.04,9466.02,9368.3,9323.07,232802176.0,-51.54,-0.55,9408.486,9294.883,9082.279,276111152.0,278079161.6,268135411.2
2019-07-05,9379.94,9464.39,9443.22,9345.79,198703088.0,74.92,0.8,9461.468,9317.778,9125.193,267251270.4,262782097.6,266539836.8
2019-07-08,9419.69,9420.24,9186.29,9124.16,260279952.0,-256.93,-2.72,9392.634,9315.195,9148.918,251757833.6,260201651.2,269288073.6
2019-07-09,9178.91,9221.72,9198.79,9119.65,188090816.0,12.5,0.14,9323.288,9323.264,9156.974,228069724.8,251013731.2,262866060.8
2019-07-10,9231.86,9239.28,9166.15,9130.53,187294336.0,-32.64,-0.35,9272.55,9327.636,9167.545,213434073.6,247360382.4,257443843.2
2019-07-11,9216.95,9282.95,9152.77,9121.46,190345664.0,-13.38,-0.15,9229.444,9318.965,9177.603,204942771.2,240526961.6,253529553.6
2019-07-12,9161.27,9236.42,9213.38,9122.41,186186256.0,60.61,0.66,9183.476,9322.472,9197.766,202439404.8,234845337.6,249155964.0
2019-07-15,9181.03,9358.08,9309.42,9066.71,241649216.0,96.04,1.04,9208.102,9300.368,9224.193,198713257.6,225235545.6,250977779.2
2019-07-16,9294.56,9324.91,9283.41,9255.43,211312144.0,-26.01,-0.28,9225.026,9274.157,9248.148,203357523.2,215713624.0,251858580.8
2019-07-17,9274.69,9354.81,9302.0,9242.25,235067696.0,18.59,0.2,9252.196,9262.373,9266.961,212912195.2,213173134.4,249846576.8
2019-07-18,9258.12,9258.12,9154.65,9153.01,222426912.0,-147.35,-1.58,9252.572,9241.008,9267.946,219328444.8,212135608.0,245107384.8
2019-07-19,9198.82,9298.21,9228.55,9198.82,200474336.0,73.9,0.81,9255.606,9219.541,9268.66,222186060.8,212312732.8,237547415.2
2019-07-22,9247.28,9254.65,9122.64,9073.49,218545392.0,-105.91,-1.15,9218.25,9213.176,9264.186,217565296.0,208139276.8,234170464.0
2019-07-23,9125.46,9175.83,9175.83,9104.76,168118768.0,53.19,0.58,9196.734,9210.88,9267.072,208926620.8,206142072.0,228577901.6
2019-07-24,9203.23,9312.67,9266.3,9203.23,213978048.0,90.47,0.99,9189.594,9220.895,9274.266,204708691.2,208810443.2,228085412.8
2019-07-25,9265.31,9344.82,9344.82,9247.97,212853696.0,78.52,0.85,9227.628,9240.1,9279.533,202794048.0,211061246.4,225794104.0
2019-07-26,9310.65,9363.27,9349.0,9294.61,185654480.0,4.18,0.04,9251.718,9253.662,9288.067,199830076.8,211008068.8,222926703.2
2019-07-29,9350.21,9376.42,9354.28,9310.63,186596816.0,5.28,0.06,9298.046,9258.148,9279.258,193440361.6,205502828.8,215369187.2
2019-07-30,9362.23,9469.08,9399.1,9362.23,206900144.0,44.82,0.48,9342.7,9269.717,9271.937,201196636.8,205061628.8,210387626.4
2019-07-31,9374.44,9374.44,9326.61,9318.59,185301232.0,-72.49,-0.77,9354.762,9272.178,9267.276,195461273.6,200084982.4,206629058.4
2019-08-01,9278.83,9327.94,9268.05,9223.31,189132528.0,-58.56,-0.63,9339.408,9283.518,9262.263,190717040.0,196755544.0,204445576.0
2019-08-02,9049.35,9150.73,9136.46,9020.26,228554432.0,-131.59,-1.42,9296.9,9274.309,9246.925,199297030.4,199563553.6,205938143.2
2019-08-05,9093.07,9168.1,8984.73,8984.73,203852048.0,-151.73,-1.66,9222.99,9260.518,9236.847,202748076.8,198094219.2,203116748.0
2019-08-06,8805.15,8898.38,8859.47,8669.9,274305600.0,-125.26,-1.39,9115.064,9228.882,9219.881,216229168.0,208712902.4,207427487.2
2019-08-07,8919.89,8933.99,8814.74,8814.74,189083936.0,-44.73,-0.51,9012.69,9183.726,9202.311,216985708.8,206223491.2,207516967.2
2019-08-08,8870.18,8936.48,8919.28,8859.48,176794336.0,104.54,1.19,8942.936,9141.172,9190.636,214518070.4,202617555.2,206839400.8
2019-08-09,8963.47,8970.52,8795.18,8780.72,195121472.0,-124.1,-1.39,8874.68,9085.79,9169.726,207831478.4,203564254.4,207286161.6
2019-08-12,8816.89,8978.52,8978.52,8798.5,183867344.0,183.34,2.08,8873.438,9048.214,9153.181,203834537.6,203291307.2,204397068.0
2019-08-13,8910.15,8960.02,8902.63,8869.46,170587312.0,-75.89,-0.84,8882.07,8998.567,9134.142,183090880.0,199660024.0,202360826.4
2019-08-14,9034.05,9060.4,8966.47,8956.08,207501728.0,63.84,0.72,8912.416,8962.553,9117.366,186774438.4,201880073.6,200982528.0
2019-08-15,8779.53,9011.77,9009.68,8758.04,212807472.0,43.21,0.48,8930.496,8936.716,9110.117,193977065.6,204247568.0,200501556.0
2019-08-16,9007.15,9136.21,9060.92,8995.57,220697408.0,51.24,0.57,8983.644,8929.162,9101.736,199092252.8,203461865.6,201512709.6
2019-08-19,9165.8,9328.97,9328.97,9141.89,303617856.0,268.05,2.96,9053.734,8963.586,9112.052,223042355.2,213438446.4,205766332.8
2019-08-20,9340.66,9389.39,9328.73,9301.92,293736352.0,-0.24,-0.0,9138.954,9010.512,9119.697,247672163.2,215381521.6,212047212.0
2019-08-21,9304.52,9361.74,9322.75,9287.31,249206928.0,-5.98,-0.06,9210.21,9061.313,9122.52,256013203.2,221393820.8,213808656.0
2019-08-22,9350.65,9363.79,9350.56,9282.76,257246160.0,27.81,0.3,9278.386,9104.441,9122.807,264900940.8,229439003.2,216028279.2
2019-08-23,9357.0,9397.76,9362.55,9311.26,262062832.0,11.99,0.13,9338.712,9161.178,9123.484,273174025.6,236133139.2,219848696.8
2019-08-26,9181.71,9298.1,9270.39,9173.01,257433072.0,-92.16,-0.98,9326.996,9190.365,9119.29,263937068.8,243489712.0,223390509.6
2019-08-27,9333.1,9517.65,9443.18,9333.1,311957632.0,172.79,1.86,9349.886,9244.42,9121.494,267581324.8,257626744.0,228643384.0
2019-08-28,9449.4,9453.76,9414.0,9375.57,285827456.0,-29.18,-0.31,9368.136,9289.173,9125.863,274905430.4,265459316.8,233669695.2
2019-08-29,9429.0,9440.67,9398.47,9363.15,272537280.0,-15.53,-0.17,9377.718,9328.052,9132.384,277963654.4,271432297.6,237839932.8
2019-08-30,9458.39,9492.04,9365.68,9310.11,312542624.0,-32.79,-0.35,9378.344,9358.528,9143.845,288059612.8,280616819.2,242039342.4
2019-09-02,9393.03,9586.52,9569.47,9389.48,301362496.0,203.79,2.18,9438.16,9382.578,9173.082,296845497.6,280391283.2,246914864.8
2019-09-03,9591.42,9633.69,9633.69,9547.76,310116000.0,64.22,0.67,9476.262,9413.074,9211.793,296477171.2,282029248.0,248705384.8
2019-09-04,9612.62,9700.32,9700.32,9590.98,330543232.0,66.63,0.69,9533.526,9450.831,9256.072,305420326.4,290162878.4,255778349.6
2019-09-05,9752.34,9900.76,9783.5,9751.95,430745632.0,83.18,0.86,9610.532,9494.125,9299.283,337061996.8,307512825.6,268475914.4
2019-09-06,9829.97,9837.23,9823.42,9742.27,331457408.0,39.92,0.41,9702.08,9540.212,9350.695,340844953.6,314452283.2,275292711.2
2019-09-09,9907.13,10001.93,10001.93,9853.69,387165184.0,178.51,1.82,9788.572,9613.366,9401.866,358005491.2,327425494.4,285457603.2
2019-09-10,10005.81,10005.81,9964.93,9903.42,381885536.0,-37.0,-0.37,9854.82,9665.541,9454.981,372359398.4,334418284.8,296022514.4
2019-09-11,9985.11,10000.25,9853.72,9835.97,349035648.0,-111.21,-1.12,9885.5,9709.513,9499.343,376057881.6,340739104.0,303099210.4
2019-09-12,9886.25,9941.17,9919.8,9837.27,288583136.0,66.08,0.67,9912.76,9761.646,9544.849,347625382.4,342343689.6,306887993.6
2019-09-16,9952.33,9962.15,9918.09,9877.11,317119168.0,-1.71,-0.02,9931.694,9816.887,9587.708,344757734.4,342801344.0,311709081.6
2019-09-17,9890.58,9890.58,9722.8,9684.15,327388480.0,-195.29,-1.97,9875.868,9832.22,9607.399,332802393.6,345403942.4,312897612.8
2019-09-18,9747.98,9785.62,9753.31,9701.64,255903232.0,30.51,0.31,9833.544,9844.182,9628.628,307605932.8,339982665.6,311005956.8
2019-09-19,9786.4,9852.2,9852.2,9733.97,265117136.0,98.89,1.01,9833.24,9859.37,9655.101,290822230.4,333440056.0,311801467.2
2019-09-20,9873.94,9903.69,9881.25,9832.39,281060352.0,29.05,0.29,9825.53,9869.145,9681.635,289317673.6,318471528.0,312992176.8
2019-09-23,9853.47,9853.47,9781.14,9703.66,271171008.0,-100.11,-1.01,9798.14,9864.917,9702.565,280128041.6,312442888.0,313447585.6
2019-09-24,9783.39,9896.18,9811.38,9761.03,284060672.0,30.24,0.31,9815.856,9845.862,9729.614,271462480.0,302132436.8,314778965.6
2019-09-25,9768.38,9768.38,9671.06,9656.05,283852928.0,-140.32,-1.43,9799.406,9816.475,9741.008,277052419.2,292329176.0,313373730.4
2019-09-26,9698.28,9707.92,9464.84,9464.84,287353664.0,-206.22,-2.13,9721.934,9777.587,9743.55,281499724.8,286160977.6,313450040.8
2019-09-27,9470.53,9574.5,9548.96,9467.15,214878496.0,84.12,0.89,9655.476,9740.503,9751.075,268263353.6,278790513.6,310567101.6
2019-09-30,9544.02,9581.64,9446.24,9446.04,184042928.0,-102.72,-1.08,9588.496,9693.318,9755.103,250837737.6,265482889.6,304142116.8
2019-10-08,9474.57,9556.96,9474.75,9468.74,188610560.0,28.51,0.3,9521.17,9668.513,9750.367,231747715.2,251605097.6,298504520.0
2019-10-09,9443.45,9507.04,9506.56,9380.57,188625856.0,31.81,0.34,9488.27,9643.838,9744.01,212702300.8,244877360.0,292430012.8
2019-10-10,9504.03,9643.52,9638.1,9480.17,222069968.0,131.54,1.38,9522.922,9622.428,9740.899,199645561.6,240572643.2,287006349.6
2019-10-11,9656.98,9704.68,9666.58,9583.52,243533440.0,28.48,0.29,9546.446,9600.961,9735.053,205376550.4,236819952.0,277645740.0
2019-10-14,9753.58,9840.59,9786.64,9725.68,285360096.0,120.06,1.24,9614.526,9601.511,9733.214,225639984.0,238238860.8,275340874.4
2019-10-15,9759.95,9759.95,9671.73,9658.51,266349440.0,-114.91,-1.17,9653.922,9587.546,9716.704,241187760.0,236467737.6,269300087.2
2019-10-16,9678.31,9722.12,9642.06,9635.45,233148144.0,-29.67,-0.31,9681.022,9584.646,9700.561,250092217.6,231397259.2,261863217.6
2019-10-17,9657.09,9670.7,9645.39,9617.01,206596240.0,3.33,0.04,9682.48,9602.701,9690.144,246997472.0,223321516.8,254741247.2
2019-10-18,9665.81,9706.38,9533.51,9516.75,238042704.0,-111.88,-1.16,9655.866,9601.156,9670.83,245899324.8,225637937.6,252214225.6
2019-10-21,9533.09,9560.98,9553.57,9476.45,209913936.0,20.06,0.21,9609.252,9611.889,9652.604,230810092.8,228225038.4,246853964.0
2019-10-22,9582.11,9642.93,9642.09,9558.36,207552384.0,88.52,0.93,9603.324,9628.623,9648.568,219050681.6,230119220.8,240862159.2
2019-10-23,9641.89,9652.07,9567.75,9547.5,215975808.0,-74.34,-0.77,9588.462,9634.742,9639.29,215616214.4,232854216.0,238865788.0
2019-10-24,9570.33,9598.33,9555.76,9495.01,207222336.0,-11.99,-0.12,9570.536,9626.508,9624.468,215741433.6,231369452.8,235971048.0
2019-10-25,9562.3,9665.6,9660.44,9509.34,224961824.0,104.68,1.09,9595.922,9625.894,9613.428,213125257.6,229512291.2,233166121.6
2019-10-28,9721.64,9802.15,9801.87,9704.53,299013152.0,141.43,1.46,9645.582,9627.417,9614.464,230945100.8,230877596.8,234558228.8
2019-10-29,9812.48,9818.74,9746.03,9746.03,321608672.0,-55.84,-0.57,9666.37,9634.847,9611.197,253756358.4,236403520.0,236435628.8
2019-10-30,9707.18,9726.95,9681.54,9647.0,271564704.0,-64.49,-0.66,9689.128,9638.795,9611.721,264874137.6,240245176.0,235821217.6
2019-10-31,9709.1,9720.97,9635.33,9626.93,242663376.0,-46.21,-0.48,9705.042,9637.789,9620.245,271962345.6,243851889.6,233586703.2
2019-11-01,9621.89,9814.67,9802.33,9604.31,225897376.0,167.0,1.73,9733.42,9664.671,9632.914,272149456.0,242637356.8,234137647.2
2019-11-04,9828.6,9908.2,9868.13,9828.6,239041488.0,65.8,0.67,9746.672,9696.127,9654.008,260155123.2,245550112.0,236887575.2
2019-11-05,9885.02,9982.34,9938.61,9847.2,238629440.0,70.48,0.71,9785.188,9725.779,9677.201,243559276.8,248657817.6,239388519.2
2019-11-06,9947.31,9947.31,9860.97,9829.75,232530720.0,-77.64,-0.78,9821.074,9755.101,9694.922,235752480.0,250313308.8,241583762.4
2019-11-07,9849.96,9939.53,9917.49,9835.89,216641728.0,56.52,0.57,9877.506,9791.274,9708.891,230548150.4,251255248.0,241312350.4
2019-11-08,9985.2,10008.51,9895.34,9891.0,234124240.0,-22.15,-0.22,9896.108,9814.764,9720.329,232193523.2,252171489.6,240841890.4
2019-11-11,9821.41,9821.41,9680.57,9664.06,231547104.0,-214.77,-2.17,9858.596,9802.634,9715.026,230694646.4,245424884.8,238151240.8
2019-11-12,9675.56,9699.42,9670.14,9570.44,205975184.0,-10.43,-0.11,9804.902,9795.045,9714.946,224163795.2,233861536.0,235132528.0
2019-11-13,9678.65,9702.51,9687.85,9622.31,183988240.0,17.71,0.18,9770.278,9795.676,9717.236,214455299.2,225103889.6,232674532.8
2019-11-14,9689.93,9768.67,9746.56,9677.76,205461456.0,58.71,0.61,9736.092,9806.799,9722.294,212219244.8,221383697.6,232617793.6
2019-11-15,9741.93,9777.69,9647.99,9647.99,213505824.0,-98.57,-1.01,9686.622,9791.365,9728.018,208095561.6,220144542.4,231390949.6
2019-11-18,9635.81,9725.78,9715.27,9624.95,191948672.0,67.28,0.7,9693.562,9776.079,9736.103,200175875.2,215435260.8,230492686.4
2019-11-19,9721.01,9889.75,9889.75,9711.29,226001328.0,174.48,1.8,9737.484,9771.193,9748.486,204181104.0,214172449.6,231415133.6
2019-11-20,9885.9,9908.63,9809.05,9796.95,231112720.0,-80.7,-0.82,9761.724,9766.001,9760.551,213606000.0,214030649.6,232171979.2
2019-11-21,9772.03,9818.49,9774.44,9733.44,202265376.0,-34.61,-0.35,9767.3,9751.696,9771.485,212966784.0,212593014.4,231924131.2
2019-11-22,9794.32,9875.71,9626.9,9573.47,250407632.0,-147.54,-1.51,9763.082,9724.852,9769.808,220347145.6,214221353.6,233196421.6
2019-11-25,9626.41,9643.23,9626.36,9515.33,225973168.0,-0.54,-0.01,9745.3,9719.431,9761.033,227152044.8,213663960.0,229544422.4
2019-11-26,9662.41,9698.6,9677.23,9609.73,217307712.0,50.87,0.53,9702.796,9720.14,9757.593,225413321.6,214797212.8,224329374.4
2019-11-27,9643.11,9694.22,9648.39,9589.21,202544272.0,-28.84,-0.3,9670.664,9716.194,9755.935,219699632.0,216652816.0,220878352.8
2019-11-28,9650.27,9679.96,9622.14,9594.37,182766688.0,-26.25,-0.27,9640.204,9703.752,9755.276,215799894.4,214383339.2,217883518.4
2019-11-29,9614.71,9633.14,9582.16,9490.85,184566864.0,-39.98,-0.42,9631.256,9697.169,9744.267,202631740.8,211489443.2,215816992.8
2019-12-02,9603.02,9647.95,9605.19,9582.32,185451456.0,23.03,0.24,9627.022,9686.161,9731.12,194527398.4,210839721.6,213137491.2
2019-12-03,9585.75,9657.65,9657.65,9531.26,193114400.0,52.46,0.55,9623.106,9662.951,9717.072,189688736.0,207551028.8,210861739.2
2019-12-04,9624.19,9703.4,9687.95,9614.04,202086400.0,30.3,0.31,9631.018,9650.841,9708.421,189597161.6,204648396.8,209339523.2
2019-12-05,9719.3,9817.21,9799.07,9703.91,229525008.0,111.12,1.15,9666.404,9653.304,9702.5,198948825.6,207374360.0,209983687.2
2019-12-06,9804.04,9878.62,9878.62,9791.56,228380368.0,79.55,0.81,9725.696,9678.476,9701.664,207711526.4,205171633.6,209696493.6
2019-12-09,9908.97,9917.61,9876.27,9853.2,254862720.0,-2.35,-0.02,9779.912,9703.467,9711.449,221593779.2,208060588.8,210862274.4
2019-12-10,9850.04,9915.87,9915.87,9826.83,259022848.0,39.6,0.4,9831.556,9727.331,9723.736,234775468.8,212232102.4,213514657.6
2019-12-11,9905.91,9921.65,9852.71,9829.11,269475424.0,-63.16,-0.64,9864.508,9747.763,9731.979,248253273.6,218925217.6,217789016.8
2019-12-12,9862.43,9887.56,9836.23,9824.41,255654560.0,-16.48,-0.17,9871.94,9769.172,9736.462,253479184.0,226214004.8,220298672.0
2019-12-13,9923.79,10014.21,10004.62,9907.76,294009376.0,168.39,1.71,9897.14,9811.418,9754.294,266604985.6,237158256.0,224323849.6
2019-12-16,10040.26,10158.24,10158.24,10015.45,352271904.0,153.62,1.53,9953.534,9866.723,9776.442,286086822.4,253840300.8,232340011.2
2019-12-17,10157.43,10350.65,10306.03,10148.69,424807264.0,147.79,1.46,10031.566,9931.561,9797.256,319243705.6,277009587.2,242280308.0
2019-12-18,10299.05,10365.16,10294.66,10266.64,379783136.0,-11.37,-0.11,10119.956,9992.232,9821.537,341305248.0,294779260.8,249713828.8
2019-12-19,10298.51,10316.77,10296.29,10254.95,347586112.0,1.63,0.02,10211.968,10041.954,9847.629,359691558.4,306585371.2,256979865.6
2019-12-20,10305.1,10343.07,10229.49,10229.1,345290016.0,-66.8,-0.65,10256.942,10077.041,9877.759,369947686.4,318276336.0,261723984.8
2019-12-23,10202.23,10248.8,10056.21,10050.41,308439136.0,-173.28,-1.69,10236.536,10095.035,9899.251,361181132.8,323633977.6,265847283.2
2019-12-24,10080.37,10190.04,10189.29,10065.55,264154336.0,133.08,1.32,10213.188,10122.377,9924.854,329050547.2,324147126.4,268189614.4
2019-12-25,10176.72,10255.2,10229.58,10170.21,290734464.0,40.29,0.4,10200.172,10160.064,9953.914,311240812.8,326273030.4,272599124.0
2019-12-26,10239.76,10303.72,10303.72,10221.34,292929056.0,74.14,0.72,10201.658,10206.813,9987.993,300309401.6,330000480.0,278107242.4
2019-12-27,10326.52,10377.94,10233.77,10226.62,351676416.0,-69.95,-0.68,10202.514,10229.728,10020.573,301586681.6,335767184.0,286462720.0
2019-12-30,10203.82,10365.96,10365.96,10133.88,322844928.0,132.19,1.29,10264.464,10250.5,10058.612,304467840.0,332824486.4,293332393.6
2019-12-31,10360.78,10433.29,10430.77,10352.89,282427712.0,64.81,0.62,10312.76,10262.974,10097.268,308122515.2,318586531.2,297798059.2
2020-01-02,10509.12,10663.55,10638.82,10479.77,392795168.0,208.05,2.0,10394.608,10297.39,10144.811,328534656.0,319887734.4,307333497.6
2020-01-03,10666.66,10689.59,10656.41,10594.36,373603936.0,17.59,0.17,10465.146,10333.402,10187.678,344669632.0,322489516.8,314537444.0
2020-01-06,10599.41,10799.58,10698.27,10577.78,438998272.0,41.86,0.39,10558.046,10380.28,10228.661,362134003.2,331860342.4,325068339.2
2020-01-07,10725.18,10829.05,10829.05,10723.86,414499648.0,130.78,1.22,10650.664,10457.564,10276.3,380464947.2,342466393.6,333050185.6
2020-01-08,10776.71,10851.28,10706.87,10681.02,462506912.0,-122.18,-1.13,10705.884,10509.322,10315.85,416480787.2,362301651.2,343224388.8
2020-01-09,10807.04,10899.48,10898.17,10807.04,396591104.0,191.3,1.79,10757.754,10576.181,10368.123,417239974.4,372887315.2,349580172.8
2020-01-10,10927.98,10933.81,10879.84,10833.52,355689728.0,-18.33,-0.17,10802.44,10633.793,10420.303,413657132.8,379163382.4,354581931.2
2020-01-13,10894.0,11040.2,11040.2,10851.72,345273664.0,160.36,1.47,10870.826,10714.436,10472.082,394912211.2,378523107.2,357145145.6
2020-01-14,11074.89,11086.81,10988.77,10983.42,377298112.0,-51.43,-0.47,10902.77,10776.717,10513.609,387471904.0,383968425.6,358396456.0
2020-01-15,10978.28,11001.81,10972.32,10882.79,331233280.0,-16.45,-0.15,10955.86,10830.872,10546.923,361217177.6,388848982.4,353717756.8
2020-01-16,10986.65,11008.21,10967.44,10934.72,317968352.0,-4.88,-0.04,10969.714,10863.734,10580.562,345492627.2,381366300.8,350627017.6
2020-01-17,11001.68,11045.25,10954.39,10927.84,304820096.0,-13.05,-0.12,10984.624,10893.532,10613.467,335318700.8,374487916.8,348488716.8
2020-01-20,10981.5,11115.88,11115.88,10936.8,330625504.0,161.49,1.47,10999.76,10935.293,10657.787,332389068.8,363650640.0,347755491.2
2020-01-21,11077.66,11078.04,10953.41,10948.58,338540800.0,-162.47,-1.46,10992.688,10947.729,10702.647,324637606.4,356054755.2,349260574.4
2020-01-22,10896.55,11105.69,11072.06,10761.68,352090080.0,118.65,1.08,11012.636,10984.248,10746.785,328808966.4,345013072.0,353657361.6
2020-01-23,10947.86,11026.0,10681.9,10572.26,402894272.0,-390.16,-3.52,10955.528,10962.621,10769.401,345794150.4,345643388.8,359265352.0
2020-02-03,9706.58,9934.35,9779.67,9706.58,195449920.0,-902.23,-8.45,10720.584,10852.604,10743.199,323920115.2,329619408.0,354391395.2
2020-02-04,9578.87,10095.69,10089.67,9578.87,511560096.0,310.0,3.17,10515.342,10757.551,10735.994,360107033.6,346248051.2,362385579.2
2020-02-05,10159.55,10445.09,10305.5,10148.24,454671808.0,215.83,2.14,10385.76,10689.224,10732.971,383333235.2,353985420.8,368976923.2
2020-02-06,10306.12,10633.17,10601.34,10214.81,481109440.0,295.84,2.87,10291.616,10652.126,10741.499,409137107.2,368973036.8,378911009.6
2020-02-07,10569.65,10629.15,10611.55,10441.9,489619552.0,10.21,0.1,10277.546,10616.537,10740.136,426482163.2,386138156.8,383752228.8
2020-02-10,10577.56,10730.05,10728.46,10551.54,470890816.0,116.91,1.1,10467.304,10593.944,10743.738,481570342.4,402745228.8,388616572.8
2020-02-11,10749.97,10839.19,10768.63,10678.11,417815168.0,40.17,0.37,10603.096,10559.219,10747.256,462821356.8,411464195.2,387557417.6
2020-02-12,10735.05,10944.63,10940.8,10724.08,420141760.0,172.17,1.6,10730.156,10557.958,10752.844,455915347.2,419624291.2,387839523.2
2020-02-13,10936.5,10988.23,10864.32,10820.92,455290400.0,-76.48,-0.7,10782.752,10537.184,10760.716,450751539.2,429944323.2,387478697.6
2020-02-14,10854.46,11017.65,10916.31,10822.13,417093376.0,51.99,0.48,10843.704,10560.625,10761.623,436246304.0,431364233.6,388503811.2
2020-02-17,10974.93,11241.5,11241.5,10974.93,481114976.0,325.19,2.98,10946.312,10706.808,10779.706,438291136.0,459930739.2,394775073.6
2020-02-18,11244.77,11306.49,11306.49,11143.39,528090848.0,64.99,0.58,11053.884,10828.49,10793.021,460346272.0,461583814.4,403915932.8
2020-02-19,11300.16,11387.99,11235.6,11229.55,537762880.0,-70.89,-0.63,11112.844,10921.5,10805.362,483870496.0,469892921.6,411939171.2
2020-02-20,11278.87,11519.07,11509.09,11248.9,551710656.0,273.49,2.43,11241.798,11012.275,10832.201,503154547.2,476953043.2,422963040.0
2020-02-21,11506.67,11727.89,11629.7,11493.63,600391744.0,120.61,1.05,11384.476,11114.09,10865.314,539814220.8,488030262.4,437084209.6
2020-02-24,11620.63,11809.75,11772.38,11548.41,620546304.0,142.68,1.23,11490.652,11218.482,10906.213,567700486.4,502995811.2,452870520.0
2020-02-25,11537.55,11869.41,11856.08,11350.28,730505856.0,83.7,0.71,11600.57,11327.227,10943.223,608183488.0,534264880.0,472864537.6
2020-02-26,11677.63,11770.51,11497.55,11453.69,686513088.0,-358.53,-3.02,11652.96,11382.902,10970.43,637933529.6,560902012.8,490263152.0
2020-02-27,11555.82,11684.5,11534.02,11401.32,551694848.0,36.47,0.32,11657.946,11449.872,10993.528,637930368.0,570542457.6,500243390.4
2020-02-28,11150.66,11338.35,10980.77,10962.24,610890432.0,-553.25,-4.8,11528.16,11456.318,11008.472,640030105.6,589922163.2,510643198.4
2020-03-02,11115.46,11457.42,11381.76,11053.29,532405536.0,400.99,3.65,11450.036,11470.344,11088.576,622401952.0,595051219.2,527490979.2
2020-03-03,11597.66,11734.18,11484.21,11378.76,601666176.0,102.45,0.9,11375.662,11488.116,11158.303,596634016.0,602408752.0,531996283.2
2020-03-04,11411.6,11501.8,11493.02,11273.26,513348224.0,8.81,0.08,11374.756,11513.858,11217.679,562001043.2,599967286.4,534930104.0
2020-03-05,11644.41,11739.84,11711.37,11521.29,593054208.0,218.35,1.9,11410.226,11534.086,11273.181,570272915.2,604101641.6,540527342.4
2020-03-06,11555.46,11690.2,11582.82,11541.78,538856704.0,-128.55,-1.1,11530.636,11529.398,11321.744,555866169.6,597948137.6,542989200.0
2020-03-09,11363.79,11407.47,11108.55,11100.91,584734784.0,-474.27,-4.09,11475.994,11463.015,11340.749,566332019.2,594366985.6,548681398.4
2020-03-10,11016.92,11406.3,11403.47,10916.95,581355136.0,294.92,2.65,11459.846,11417.754,11372.491,562269811.2,579451913.6,556858396.8
2020-03-11,11436.44,11444.78,11200.05,11197.09,529580224.0,-203.42,-1.78,11401.252,11388.004,11385.453,565516211.2,563758627.2,562330320.0
2020-03-12,11022.4,11070.41,10941.01,10842.38,465707936.0,-259.04,-2.31,11247.18,11328.703,11389.288,540046956.8,555159936.0,562851196.8
2020-03-13,10382.22,10956.51,10831.12,10380.17,529004544.0,-109.89,-1.0,11096.84,11313.738,11385.028,538076524.8,546971347.2,568446755.2
2020-03-16,10867.66,10867.66,10253.28,10217.93,520482624.0,-577.84,-5.33,10925.786,11200.89,11335.617,525226092.8,545779056.0,570415137.6
2020-03-17,10337.92,10449.33,10202.75,9885.86,449164288.0,-50.53,-0.49,10685.642,11072.744,11280.43,498787923.2,530528867.2,566468809.6
2020-03-18,10294.96,10479.78,10029.57,10029.57,452580800.0,-173.18,-1.7,10451.546,10926.399,11220.129,483388038.4,524452124.8,562209705.6
2020-03-19,10023.12,10101.8,10019.86,9719.49,432237728.0,-9.71,-0.1,10267.316,10757.248,11145.667,476693996.8,508370476.8,556236059.2
2020-03-20,10150.78,10174.51,10150.13,9964.29,380046976.0,130.27,1.3,10131.118,10613.979,11071.689,446902483.2,492489504.0,545218820.8
2020-03-23,9828.9,9929.96,9691.53,9659.35,388114592.0,-458.6,-4.52,10018.768,10472.277,10967.646,420428876.8,472827484.8,533597235.2
2020-03-24,9900.22,9945.92,9921.68,9634.97,398359264.0,230.15,2.38,9962.554,10324.098,10870.926,410267872.0,454527897.6,516989905.6
2020-03-25,10171.47,10255.58,10241.08,10111.36,416839392.0,319.4,3.22,10004.856,10228.201,10808.103,403119590.4,443253814.4,503506220.8
2020-03-26,10161.94,10281.57,10155.36,10112.62,372992288.0,-85.72,-0.84,10031.956,10149.636,10739.17,391270502.4,433982249.6,494571092.8
2020-03-27,10300.62,10310.53,10109.91,10105.72,345009888.0,-45.45,-0.45,10023.912,10077.515,10695.627,384263084.8,415582784.0,481277065.6
2020-03-30,9953.04,9985.38,9904.95,9791.02,356631392.0,-204.96,-2.03,10066.596,10042.682,10621.786,377966444.8,399197660.8,472488358.4
2020-03-31,10008.03,10047.98,9962.3,9925.68,315348320.0,57.35,0.58,10074.72,10018.637,10545.691,361364256.0,385816064.0,458172465.6
2020-04-01,9967.12,10127.1,9951.84,9927.92,333079520.0,-10.46,-0.1,10016.872,10010.864,10468.632,344612281.6,373865936.0,449159030.4
2020-04-02,9910.38,10179.2,10179.2,9896.65,328200768.0,227.36,2.29,10021.64,10026.798,10392.023,335653977.6,363462240.0,435916358.4
2020-04-03,10155.56,10212.91,10110.11,10069.64,320031264.0,-69.09,-0.68,10021.68,10022.796,10318.388,330658252.8,357460668.8,424975086.4
2020-04-07,10312.71,10441.74,10428.91,10296.72,401858304.0,318.8,3.15,10126.472,10096.534,10284.406,339703635.2,358835040.0,415831262.4
2020-04-08,10372.76,10426.4,10386.55,10344.44,396877248.0,-42.36,-0.41,10211.322,10143.021,10233.56,356009420.8,358686838.4,406607368.0
2020-04-09,10453.86,10485.3,10463.05,10401.17,377418848.0,76.5,0.74,10313.564,10165.218,10196.71,364877286.4,354744784.0,398999299.2
2020-04-10,10459.7,10509.0,10298.41,10265.88,394773408.0,-164.64,-1.57,10337.406,10179.523,10164.58,378191814.4,356922896.0,395452572.8
2020-04-13,10225.53,10295.17,10223.16,10173.12,298034336.0,-75.25,-0.73,10360.016,10190.848,10134.182,373792428.8,352225340.8,383904062.4
2020-04-14,10300.96,10475.71,10475.71,10276.36,329838752.0,252.55,2.47,10369.376,10247.924,10145.303,359388518.4,349546076.8,374371868.8
2020-04-15,10468.46,10528.73,10417.37,10404.51,379199328.0,-58.34,-0.56,10375.54,10293.431,10156.034,355852934.4,355931177.6,370873620.8
2020-04-16,10361.77,10489.13,10470.79,10346.11,348703840.0,53.42,0.51,10377.088,10345.326,10178.095,350109932.8,357493609.6,365679772.8
2020-04-17,10562.9,10624.54,10527.99,10507.8,401492384.0,57.2,0.55,10423.004,10380.205,10203.502,351453728.0,364822771.2,364142505.6
2020-04-20,10553.55,10621.5,10621.5,10523.59,340156224.0,93.51,0.89,10502.672,10431.344,10227.07,359878105.6,366835267.2,362147968.0
2020-04-21,10577.72,10577.72,10506.86,10394.44,359333280.0,-114.64,-1.08,10508.902,10439.139,10267.837,365777011.2,362582764.8,360708902.4
2020-04-22,10424.45,10617.19,10617.19,10409.85,344848576.0,110.33,1.05,10548.866,10462.203,10302.612,358906860.8,357379897.6,358033368.0
2020-04-23,10657.4,10667.01,10564.05,10557.94,382809728.0,-53.14,-0.5,10567.518,10472.303,10318.761,365728038.4,357918985.6,356331884.8
2020-04-24,10565.09,10577.03,10423.46,10388.66,372911392.0,-140.59,-1.33,10546.612,10484.808,10332.166,360011840.0,355732784.0,356327840.0
2020-04-27,10449.13,10531.39,10452.17,10367.29,320369792.0,28.71,0.28,10512.746,10507.709,10349.279,356054553.6,357966329.6,355095835.2
2020-04-28,10477.76,10547.75,10501.15,10194.15,384691520.0,48.98,0.47,10511.604,10510.253,10379.089,361126201.6,363451606.4,356498841.6
2020-04-29,10460.99,10586.57,10514.17,10449.37,290232000.0,13.02,0.12,10491.0,10519.933,10406.682,350202886.4,354554873.6,355243025.6
2020-04-30,10575.52,10751.75,10721.78,10575.52,348102528.0,207.61,1.98,10522.546,10545.032,10445.179,343261446.4,354494742.4,355994176.0
2020-05-06,10618.17,10884.34,10883.22,10613.89,350163200.0,161.44,1.51,10614.498,10580.555,10480.38,338711808.0,349361824.0,357092297.6
2020-05-07,10899.92,10926.83,10863.29,10832.09,345878912.0,-19.93,-0.18,10696.722,10604.734,10518.039,343813632.0,349934092.8,358384680.0
2020-05-08,10923.61,11054.31,11001.58,10904.88,354347904.0,138.29,1.27,10796.808,10654.206,10546.673,337744908.8,349435555.2,356009160.0
2020-05-11,11053.82,11096.28,10969.28,10902.6,349327520.0,-32.3,-0.29,10887.83,10689.415,10575.809,349564012.8,349883449.6,353631673.6
2020-05-12,10972.05,11018.93,11015.56,10871.61,309285824.0,46.28,0.42,10946.586,10734.566,10603.435,341800672.0,342531059.2,350225022.4
2020-05-13,10978.31,11096.62,11074.59,10954.69,298836864.0,59.03,0.54,10984.86,10799.679,10642.244,331535404.8,335123606.4,345428195.2
2020-05-14,11026.71,11047.38,10962.15,10955.54,325040768.0,-112.44,-1.01,11004.632,10850.677,10679.193,327367776.0,335590704.0,346778516.8
2020-05-15,11013.16,11039.68,10964.89,10919.54,317144608.0,2.74,0.03,10997.294,10897.051,10703.652,319927116.8,328836012.8,346143809.6
2020-05-18,10969.08,11017.5,10921.15,10858.46,362078848.0,-43.74,-0.4,10987.668,10937.749,10728.841,322477382.4,336020697.6,345287785.6
2020-05-19,11023.43,11052.85,11052.85,10978.72,310113856.0,131.7,1.21,10995.126,10970.856,10757.944,322642988.8,332221830.4,343358286.4
2020-05-20,11056.98,11056.98,10948.48,10914.75,345397376.0,-104.37,-0.94,10969.904,10977.382,10778.969,331955091.2,331745248.0,340553536.0
2020-05-21,10999.07,11007.14,10845.4,10818.79,321249920.0,-103.08,-0.94,10946.554,10975.593,10790.164,331196921.6,329282348.8,339608220.8
2020-05-22,10832.91,10832.91,10604.97,10559.3,299718976.0,-240.43,-2.22,10874.57,10935.932,10795.069,327711795.2,323819456.0,336627505.6
2020-05-25,10602.47,10629.61,10592.84,10532.86,241587520.0,-12.13,-0.11,10808.908,10898.288,10793.852,303613529.6,313045456.0,331464452.8
2020-05-26,10655.98,10816.71,10815.43,10647.25,270864192.0,222.59,2.1,10761.424,10878.275,10806.421,295763596.8,309203292.8,325867176.0
2020-05-27,10823.24,10823.24,10682.7,10657.81,293429888.0,-132.73,-1.23,10708.268,10839.086,10819.383,285370099.2,308662595.2,321893100.8
2020-05-28,10680.87,10727.99,10653.49,10505.79,297057888.0,-29.21,-0.27,10669.886,10808.22,10829.449,280531692.8,305864307.2,320727505.6
2020-05-29,10615.14,10764.87,10746.08,10588.74,294922944.0,92.59,0.87,10698.108,10786.339,10841.695,279572486.4,303642140.8,316239076.8
2020-06-01,10837.49,11123.19,11102.15,10837.49,390282208.0,356.07,3.31,10799.97,10804.439,10871.094,309311424.0,306462476.8,321241587.2
2020-06-02,11133.62,11146.85,11112.5,11059.18,419510304.0,10.35,0.09,10859.384,10810.404,10890.63,339040646.4,317402121.6,324811976.0
2020-06-03,11154.64,11204.52,11108.36,11100.69,418994912.0,-4.14,-0.04,10944.516,10826.392,10901.887,364153651.2,324761875.2,328253561.6
2020-06-04,11146.29,11165.14,11139.26,11080.51,358812096.0,30.9,0.28,11041.67,10855.778,10915.686,376504492.8,328518092.8,328900220.8
2020-06-05,11153.27,11180.6,11180.6,11087.25,342494976.0,41.34,0.37,11128.574,10913.341,10924.637,386018899.2,332795692.8,328307574.4
2020-06-08,11266.93,11340.03,11215.76,11195.85,357209056.0,35.16,0.31,11151.296,10975.633,10936.961,379404268.8,344357846.4,328701651.2
2020-06-09,11238.44,11303.54,11284.24,11195.0,329979840.0,68.48,0.61,11185.644,11022.514,10950.395,361498176.0,350269411.2,329736352.0
2020-06-10,11296.13,11338.24,11335.86,11249.43,319350336.0,51.62,0.46,11231.144,11087.83,10963.458,341569260.8,352861456.0,330762025.6
2020-06-11,11328.1,11405.01,11243.62,11180.75,356854688.0,-92.24,-0.81,11252.016,11146.843,10977.532,341177779.2,358841136.0,332352721.6
2020-06-12,11017.15,11306.14,11251.71,11003.32,354659296.0,8.09,0.07,11266.238,11197.406,10991.873,343610643.2,364814771.2,334228456.0
2020-06-15,11241.26,11353.16,11192.27,11192.27,389226944.0,-59.44,-0.53,11261.54,11206.418,11005.429,350014220.8,364709244.8,335585860.8
2020-06-16,11312.81,11398.97,11398.97,11293.9,358969344.0,206.7,1.85,11284.486,11235.065,11022.735,355812121.6,358655148.8,338028635.2
2020-06-17,11421.03,11421.03,11420.84,11330.37,382760416.0,21.87,0.19,11301.482,11266.313,11046.353,368494137.6,355031699.2,339896787.2
2020-06-18,11416.08,11503.38,11494.55,11397.57,379112000.0,73.71,0.65,11351.668,11301.842,11078.81,372945600.0,357061689.6,342789891.2
2020-06-19,11505.69,11694.89,11668.13,11500.53,359285024.0,173.58,1.51,11434.952,11350.595,11131.968,373870745.6,358740694.4,345768193.6
2020-06-22,11680.41,11756.86,11702.44,11658.81,375418592.0,34.31,0.29,11536.986,11399.263,11187.448,371109075.2,360561648.0,352459747.2
2020-06-23,11711.28,11796.41,11794.01,11651.83,347381184.0,91.57,0.78,11615.994,11450.24,11236.377,368791443.2,362301782.4,356285596.8
2020-06-24,11813.36,11854.99,11813.53,11760.47,318732832.0,19.52,0.17,11694.532,11498.007,11292.919,355985926.4,362240032.0,357550744.0
2020-06-26,11813.47,11857.2,11849.9,11813.47,16377.04,36.37,0.31,11765.602,11558.635,11352.739,280166801.81,326556200.9,342698668.45
2020-06-29,11780.65,11814.64,11752.36,11695.45,325204256.0,-61.17,-0.52,11782.448,11608.7,11403.053,273350648.21,323610696.9,344212734.05
2020-06-30,11828.53,12013.6,11992.35,11827.76,326309184.0,239.99,2.04,11840.43,11688.708,11447.563,263528766.61,317318920.9,341014082.85
2020-07-01,12024.84,12130.3,12112.96,11945.89,393967648.0,120.61,1.01,11904.22,11760.107,11497.586,272846059.41,320818751.3,339736950.05
2020-07-02,12095.85,12278.83,12269.49,12055.95,476968064.0,156.53,1.29,11995.412,11844.972,11555.643,304493105.81,330239516.1,342635607.65
2020-07-03,12295.62,12433.68,12433.26,12232.7,512872032.0,163.77,1.33,12112.084,11938.843,11620.343,407064236.8,343615519.3,350338604.45
2020-07-06,12519.5,12945.71,12941.72,12519.5,691662528.0,508.46,4.09,12349.956,12066.202,11708.399,480355891.2,376853269.7,367796982.05
2020-07-07,13084.65,13407.19,13163.98,12997.17,754515008.0,222.26,1.72,12584.282,12212.356,11805.81,565997056.0,414762911.3,387662279.65
2020-07-08,13170.2,13428.94,13406.37,13059.24,669518592.0,242.39,1.84,12842.964,12373.592,11911.916,621107244.8,446976652.1,404639217.25
2020-07-09,13399.47,13792.63,13754.74,13385.43,759030080.0,348.37,2.6,13140.014,12567.713,12032.86,677519648.0,491006376.9,426623204.45
2020-07-10,13662.38,13831.61,13671.24,13599.03,696693824.0,-83.5,-0.61,13387.61,12749.847,12154.241,714284006.4,560674121.6,443615161.25
2020-07-13,13699.22,14149.14,14149.14,13699.22,708385664.0,477.9,3.5,13629.094,12989.525,12299.113,717628633.6,598992262.4,461301479.65
2020-07-14,14121.33,14151.0,13996.46,13698.27,735504960.0,-152.68,-1.08,13795.59,13189.936,12439.322,713826624.0,639911840.0,478615380.45
2020-07-15,14017.93,14077.56,13734.13,13646.66,670932928.0,-262.33,-1.87,13861.142,13352.053,12556.08,714109491.2,667608368.0,494213559.65
2020-07-16,13731.28,13853.44,12996.34,12966.32,620638144.0,-737.79,-5.37,13709.462,13424.738,12634.855,686431104.0,681975376.0,506107446.05
2020-07-17,13002.84,13315.44,13114.94,12916.08,475084800.0,118.6,0.91,13598.202,13492.906,12715.875,642109299.2,678196652.8,510906086.05
2020-07-20,13303.8,13448.85,13448.85,13032.4,493547232.0,333.91,2.55,13458.144,13543.619,12804.911,599141612.8,658385123.2,517619196.45
2020-07-21,13480.39,13572.93,13536.17,13396.58,472227264.0,87.32,0.65,13366.086,13580.838,12896.597,546486073.6,630156348.8,522459630.05
2020-07-22,13507.35,13816.67,13657.03,13459.88,499662240.0,120.86,0.89,13350.666,13605.904,12989.748,512231936.0,613170713.6,530073682.85
2020-07-23,13511.45,13699.53,13661.5,13281.55,526571712.0,4.47,0.03,13483.698,13596.58,13082.147,493418649.6,589924876.8,540465626.85
2020-07-24,13547.81,13602.79,12935.7,12868.95,564786368.0,-725.8,-5.31,13447.85,13523.026,13136.437,511358963.2,576734131.2,568704126.4
2020-07-27,13013.77,13093.84,12976.87,12838.87,397120544.0,41.17,0.32,13353.454,13405.799,13197.662,492073625.6,545607619.2,572299940.8
2020-07-28,13107.43,13196.62,13147.35,13022.82,389085728.0,170.48,1.31,13275.69,13320.888,13255.412,475445318.4,510965696.0,575438768.0
2020-07-29,13117.19,13557.44,13557.44,13085.95,437296032.0,410.09,3.12,13255.772,13303.219,13327.636,462972076.8,487602006.4,577605187.2
2020-07-30,13595.77,13619.49,13466.85,13432.13,469674080.0,-90.59,-0.67,13216.842,13350.27,13387.504,451592550.4,472505600.0,577240488.0
2020-07-31,13464.21,13748.03,13637.88,13399.86,485599232.0,171.03,1.27,13357.278,13402.564,13447.735,435755123.2,473557043.2,575876848.0
2020-08-03,13771.74,13964.56,13964.56,13712.98,568503424.0,326.68,2.4,13554.816,13454.135,13498.877,470031699.2,481052662.4,569718892.8
2020-08-04,13966.73,14012.71,13860.46,13779.22,567319424.0,-104.1,-0.74,13697.438,13486.564,13533.701,505678438.4,490561878.4,560359113.6
2020-08-05,13859.32,13993.67,13960.92,13726.62,502462560.0,100.46,0.72,13778.134,13516.953,13561.429,518711744.0,490841910.4,552006312.0
2020-08-06,13972.3,13972.3,13863.13,13661.84,533987168.0,-97.79,-0.7,13857.39,13537.116,13566.848,531574361.6,491583456.0,540754166.4
2020-08-07,13813.76,13847.2,13648.5,13411.67,509976832.0,-214.63,-1.55,13859.514,13608.396,13565.711,536449881.6,486102502.4,531418316.8
2020-08-10,13576.32,13752.29,13657.31,13453.95,452141792.0,8.81,0.07,13798.064,13676.44,13541.12,513177555.2,491604627.2,518606123.2
2020-08-11,13668.31,13811.52,13466.27,13450.23,467222528.0,-191.04,-1.4,13719.226,13708.332,13514.61,493158176.0,499418307.2,505192001.6
2020-08-12,13437.57,13471.82,13308.52,13026.01,450040576.0,-157.75,-1.17,13588.746,13683.44,13493.33,482673779.2,500692761.6,494147384.0
2020-08-13,13373.16,13392.35,13291.32,13254.39,403732800.0,-17.2,-0.13,13474.384,13665.887,13508.079,456622905.6,494098633.6,483302116.8
2020-08-14,13272.71,13495.97,13489.01,13242.78,388470912.0,197.69      ,1.49    ,13442.486,13651.0  ,13526.782,432321721.6 ,484385801.6 ,478971422.4
2020-08-17,13542.01,13756.61,13742.23,13490.64,488761728.0,253.22      ,1.88    ,13459.47 ,13628.767,13541.451,439645708.8 ,476411632.0 ,478732147.2
2020-08-18,13748.52,13813.02,13768.17,13692.07,474540672.0,25.94       ,0.19    ,13519.85 ,13619.538,13553.051,441109337.6 ,467133756.8 ,478847817.6
2020-08-19,13741.27,13741.27,13480.85,13472.96,479639744.0,-287.32     ,-2.09   ,13554.316,13571.531,13544.242,447029171.2 ,464851475.2 ,477846692.8
2020-08-20,13387.82,13476.07,13320.92,13270.12,388868512.0,-159.93     ,-1.19   ,13560.236,13517.31 ,13527.213,444056313.6 ,450339609.6 ,470961532.8
2020-08-21,13445.96,13547.79,13478.0 ,13373.72,383524032.0,157.08      ,1.18    ,13558.034,13500.26 ,13554.328,443066937.6 ,437694329.6 ,461898416.0
2020-08-24,13565.28,13708.12,13666.69,13418.96,410963552.0,188.69      ,1.4     ,13542.926,13501.198,13588.819,427507302.4 ,433576505.6 ,462590566.4
2020-08-25,13692.47,13788.49,13669.41,13620.62,456935744.0,2.72        ,0.02    ,13523.174,13521.512,13614.922,423986316.8 ,432547827.2 ,465983067.2
2020-08-26,13680.59,13717.9 ,13428.4 ,13376.66,465528416.0,-241.01     ,-1.76   ,13512.684,13533.5  ,13608.47 ,421164051.2 ,434096611.2 ,467394686.4
2020-08-27,13465.89,13548.66,13535.09,13348.45,414995072.0,106.69      ,0.8     ,13555.518,13557.877,13611.882,426389363.2 ,435222838.4 ,464660736.0
2020-08-28,13509.37,13868.3 ,13851.32,13483.28,441224928.0,316.23      ,2.34    ,13630.182,13594.108,13622.554,437929542.4 ,440498240.0 ,462442020.8
2020-08-31,13929.75,13994.14,13758.23,13755.36,451925312.0,-93.09      ,-0.67   ,13648.49 ,13595.708,13612.238,446121894.4 ,436814598.4 ,456613115.2
2020-09-01,13729.39,13849.66,13849.66,13662.69,399237728.0,91.43       ,0.67    ,13684.54 ,13603.857,13611.698,434582291.2 ,429284304.0 ,448209030.4
2020-09-02,13881.07,13944.16,13887.43,13737.83,517293504.0,37.77       ,0.27    ,13776.346,13644.515,13608.023,444935308.8 ,433049680.0 ,448950577.6
2020-09-03,13871.27,13933.42,13772.37,13722.58,482940160.0,-115.06     ,-0.83   ,13823.802,13689.66 ,13603.485,458524326.4 ,442456844.8 ,446398227.2
2020-09-04,13501.91,13680.06,13656.66,13487.69,437114880.0,-115.71     ,-0.84   ,13784.87 ,13707.526,13603.893,457702316.8 ,447815929.6 ,442755129.6
2020-09-07,13633.51,13714.32,13284.03,13232.24,541636096.0,-372.63     ,-2.73   ,13690.03 ,13669.26 ,13585.229,475644473.6 ,460883184.0 ,447229844.8
2020-09-08,13315.15,13351.57,13293.33,13118.94,534063552.0,9.3         ,0.07    ,13578.764,13631.652,13576.582,502609638.4 ,468595964.8 ,450571896.0
2020-09-09,13107.98,13122.76,12861.75,12778.43,637182208.0,-431.58     ,-3.25   ,13373.628,13574.987,13554.244,526587379.2 ,485761344.0 ,459928977.6
